Date,Open,High,Low,Close,Volume,Dividends,Stock Splits
2021-11-21 00:00:00+00:00,6808979.0,6840204.5,6682265.0,6703741.5,2981839157424,0.0,0.0
2021-11-22 00:00:00+00:00,6701044.5,6762706.5,6395915.5,6461503.5,4021831455603,0.0,0.0
2021-11-23 00:00:00+00:00,6463256.0,6664734.5,6385021.5,6628604.0,4316181061082,0.0,0.0
2021-11-24 00:00:00+00:00,6628232.5,6654636.0,6453052.5,6495718.0,4228367212047,0.0,0.0
2021-11-25 00:00:00+00:00,6597861.0,6847887.5,6596299.0,6590912.5,3945250311712,0.0,0.0
2021-11-26 00:00:00+00:00,6784884.5,6801135.0,6070792.5,6070792.5,4738202185049,0.0,0.0
2021-11-27 00:00:00+00:00,6089680.0,6270187.0,6081965.5,6211917.5,3463308573948,0.0,0.0
2021-11-28 00:00:00+00:00,6211685.0,6526598.5,6071582.5,6510577.0,3197590892542,0.0,0.0
2021-11-29 00:00:00+00:00,6515518.0,6694553.0,6438625.5,6578705.0,3683979672135,0.0,0.0
2021-11-30 00:00:00+00:00,6581385.0,6659183.5,6344891.5,6453907.0,4155988012155,0.0,0.0
2021-12-01 00:00:00+00:00,6442873.5,6672937.5,6380469.5,6460246.5,4160645231720,0.0,0.0
2021-12-02 00:00:00+00:00,6458840.0,6477022.5,6316086.0,6383236.0,3659648820779,0.0,0.0
2021-12-03 00:00:00+00:00,6386779.0,6507063.0,5917380.0,6046525.5,4488691927222,0.0,0.0
2021-12-04 00:00:00+00:00,6061149.5,6081095.0,4836771.5,5550085.5,6924611346865,0.0,0.0
2021-12-05 00:00:00+00:00,5550177.5,5614096.0,5398565.0,5580876.5,4205052051192,0.0,0.0
2021-12-06 00:00:00+00:00,5585922.0,5780398.5,5352887.0,5739481.0,4278551613913,0.0,0.0
2021-12-07 00:00:00+00:00,5739390.5,5899211.5,5699269.5,5755790.5,3823202502048,0.0,0.0
2021-12-08 00:00:00+00:00,5752108.0,5825451.5,5549834.0,5741637.5,3237714631515,0.0,0.0
2021-12-09 00:00:00+00:00,5735417.5,5777111.0,5372679.0,5407997.0,3358274208674,0.0,0.0
2021-12-10 00:00:00+00:00,5404596.0,5684089.5,5331781.5,5356681.5,3511080056338,0.0,0.0
2021-12-11 00:00:00+00:00,5359100.0,5608314.0,5322557.5,5597461.5,2922854694889,0.0,0.0
2021-12-12 00:00:00+00:00,5596594.0,5751946.0,5525268.0,5686787.5,2490376118778,0.0,0.0
2021-12-13 00:00:00+00:00,5688649.5,5698443.0,5208640.5,5308443.0,3653496940826,0.0,0.0
2021-12-14 00:00:00+00:00,5305301.5,5508854.0,5272105.0,5301837.5,3939883130609,0.0,0.0
2021-12-15 00:00:00+00:00,5502834.0,5640897.0,5313186.5,5581279.5,4171039610023,0.0,0.0
2021-12-16 00:00:00+00:00,5581706.5,5643535.5,5403315.5,5418103.0,3099555720613,0.0,0.0
2021-12-17 00:00:00+00:00,5416773.5,5459174.5,5172005.0,5254038.5,3741648570361,0.0,0.0
2021-12-18 00:00:00+00:00,5255984.5,5380292.0,5185386.5,5327408.5,2967767353227,0.0,0.0
2021-12-19 00:00:00+00:00,5327987.5,5468516.0,5288083.5,5302203.5,2855500771285,0.0,0.0
2021-12-20 00:00:00+00:00,5302209.5,5387134.0,5175255.5,5328689.5,3519312752636,0.0,0.0
2021-12-21 00:00:00+00:00,5329348.5,5607536.0,5304000.0,5578511.0,3084216222829,0.0,0.0
2021-12-22 00:00:00+00:00,5578566.0,5652054.0,5535972.0,5550142.0,2790333474949,0.0,0.0
2021-12-23 00:00:00+00:00,5549895.0,5874986.5,5491858.5,5813032.0,3230634918073,0.0,0.0
2021-12-24 00:00:00+00:00,5815494.0,5924934.0,5777519.5,5814389.5,2787847550342,0.0,0.0
2021-12-25 00:00:00+00:00,5818133.5,5854935.5,5747406.0,5769503.5,2177230163792,0.0,0.0
2021-12-26 00:00:00+00:00,5769370.0,5856174.5,5677205.5,5809738.0,2397139775647,0.0,0.0
2021-12-27 00:00:00+00:00,5808948.0,5969938.0,5775245.5,5813199.5,2792280838908,0.0,0.0
2021-12-28 00:00:00+00:00,5817727.0,5817727.0,5443625.5,5461868.0,3836871215661,0.0,0.0
2021-12-29 00:00:00+00:00,5465887.0,5525821.0,5311208.5,5338808.0,3454151050818,0.0,0.0
2021-12-30 00:00:00+00:00,5344083.5,5512037.5,5295968.5,5428610.0,3070714447144,0.0,0.0
2021-12-31 00:00:00+00:00,5427603.0,5577297.5,5273212.5,5330242.5,4256023036571,0.0,0.0
2022-01-01 00:00:00+00:00,5330852.5,5505306.0,5328175.0,5489133.5,2829661633525,0.0,0.0
2022-01-02 00:00:00+00:00,5488456.0,5511533.0,5393608.0,5451565.5,3218483475493,0.0,0.0
2022-01-03 00:00:00+00:00,5451372.5,5469126.0,5284611.5,5358107.5,3814217042191,0.0,0.0
2022-01-04 00:00:00+00:00,5358192.5,5508392.0,5313005.0,5332174.0,4936840452926,0.0,0.0
2022-01-05 00:00:00+00:00,5332381.0,5433187.0,4968788.0,5059535.0,4279403883921,0.0,0.0
2022-01-06 00:00:00+00:00,5059130.0,5075843.0,4936157.5,5000901.0,3500097470654,0.0,0.0
2022-01-07 00:00:00+00:00,5000048.5,5000048.5,4751727.5,4801373.5,9727616905368,0.0,0.0
2022-01-08 00:00:00+00:00,4801785.0,4881159.0,4701227.0,4823943.0,3244133939427,0.0,0.0
2022-01-09 00:00:00+00:00,4824033.5,4930459.0,4778195.0,4845882.0,2462088662687,0.0,0.0
2022-01-10 00:00:00+00:00,4845724.0,4887221.0,4588156.5,4821181.5,3700995968233,0.0,0.0
2022-01-11 00:00:00+00:00,4820979.0,4960185.0,4786492.5,4928934.5,3036496094973,0.0,0.0
2022-01-12 00:00:00+00:00,4929664.0,5055106.0,4906144.0,5039764.0,3841530094247,0.0,0.0
2022-01-13 00:00:00+00:00,5039493.5,5057471.5,4842592.5,4860458.0,5442409004587,0.0,0.0
2022-01-14 00:00:00+00:00,4861291.0,4950430.0,4777995.5,4923494.0,2693364677273,0.0,0.0
2022-01-15 00:00:00+00:00,4923745.5,4994888.0,4874297.0,4932370.0,2098650972794,0.0,0.0
2022-01-16 00:00:00+00:00,4931758.0,4962003.5,4876809.0,4928470.0,2046439527168,0.0,0.0
2022-01-17 00:00:00+00:00,4928954.5,4937628.0,4777711.0,4840793.5,2485202819368,0.0,0.0
2022-01-18 00:00:00+00:00,4840739.0,4874634.0,4742182.0,4854339.0,2568002468869,0.0,0.0
2022-01-19 00:00:00+00:00,4854156.5,4857543.0,4718288.0,4773474.0,2640523300375,0.0,0.0
2022-01-20 00:00:00+00:00,4773439.0,4949121.0,4636363.0,4637229.0,2323382018899,0.0,0.0
2022-01-21 00:00:00+00:00,4639416.0,4674659.0,4069307.0,4145015.5,4890249376380,0.0,0.0
2022-01-22 00:00:00+00:00,4146638.25,4171335.25,3905338.75,3982765.25,4515327918733,0.0,0.0
2022-01-23 00:00:00+00:00,3984710.5,4143384.5,3954877.5,4128028.25,2960650528381,0.0,0.0
2022-01-24 00:00:00+00:00,4127906.25,4245565.5,3775368.75,4179121.25,4772261815910,0.0,0.0
2022-01-25 00:00:00+00:00,4179175.75,4264917.5,4071699.0,4208899.0,3010055171408,0.0,0.0
2022-01-26 00:00:00+00:00,4208502.0,4443011.5,4170883.25,4227700.0,3593578769596,0.0,0.0
2022-01-27 00:00:00+00:00,4226525.0,4285170.5,4110069.0,4284006.5,2888603685974,0.0,0.0
2022-01-28 00:00:00+00:00,4282877.5,4373714.5,4187070.0,4354835.0,2563137391991,0.0,0.0
2022-01-29 00:00:00+00:00,4354418.0,4446109.0,4311285.0,4395617.5,1981716328045,0.0,0.0
2022-01-30 00:00:00+00:00,4397201.0,4410387.0,4315051.5,4370591.5,1687895933162,0.0,0.0
2022-01-31 00:00:00+00:00,4370900.0,4443469.0,4241497.0,4430426.5,2387116255797,0.0,0.0
2022-02-01 00:00:00+00:00,4430269.5,4488691.0,4371408.5,4445287.0,2327841662081,0.0,0.0
2022-02-02 00:00:00+00:00,4445337.5,4457127.0,4214895.0,4226750.0,2191005683151,0.0,0.0
2022-02-03 00:00:00+00:00,4225814.5,4271218.5,4174772.0,4271218.5,2137245653983,0.0,0.0
2022-02-04 00:00:00+00:00,4270605.0,4785039.0,4260593.0,4781938.5,3389021988486,0.0,0.0
2022-02-05 00:00:00+00:00,4782008.0,4821839.5,4728614.5,4775058.0,2264499205086,0.0,0.0
2022-02-06 00:00:00+00:00,4775053.0,4898237.0,4752444.5,4887050.5,1860002701463,0.0,0.0
2022-02-07 00:00:00+00:00,4886399.0,5109944.0,4809679.5,5044474.0,3295669652060,0.0,0.0
2022-02-08 00:00:00+00:00,5046127.5,5231078.5,4947687.0,5097335.0,3821911046763,0.0,0.0
2022-02-09 00:00:00+00:00,5094823.0,5168060.0,4990724.5,5125676.0,2687282686553,0.0,0.0
2022-02-10 00:00:00+00:00,5126716.5,5294264.5,5048419.5,5055775.0,3730116874806,0.0,0.0
2022-02-11 00:00:00+00:00,5056473.5,5078880.0,4861070.5,4894936.0,3111272143348,0.0,0.0
2022-02-12 00:00:00+00:00,4895439.5,4962415.5,4830833.0,4876068.0,2095239650837,0.0,0.0
2022-02-13 00:00:00+00:00,4875155.5,4947996.5,4861988.5,4877505.5,1703943420214,0.0,0.0
2022-02-14 00:00:00+00:00,4872868.5,4948687.0,4806513.0,4920466.0,2406429031824,0.0,0.0
2022-02-15 00:00:00+00:00,4920413.5,5164825.5,4903759.5,5154743.5,2627566735108,0.0,0.0
2022-02-16 00:00:00+00:00,5155098.5,5155098.5,5017292.5,5072924.0,2283936296161,0.0,0.0
2022-02-17 00:00:00+00:00,5070063.5,5096824.0,4625438.0,4656182.5,3014682941883,0.0,0.0
2022-02-18 00:00:00+00:00,4657804.5,4712869.0,4562323.0,4602962.5,2680301714610,0.0,0.0
2022-02-19 00:00:00+00:00,4602393.0,4647565.5,4566407.0,4613447.0,1579498388025,0.0,0.0
2022-02-20 00:00:00+00:00,4612980.5,4613186.5,4382402.5,4418081.0,2108437254062,0.0,0.0
2022-02-21 00:00:00+00:00,4417142.0,4529273.5,4239660.5,4249290.5,3355900165631,0.0,0.0
2022-02-22 00:00:00+00:00,4248544.5,4415142.5,4182677.75,4406712.0,2934255243490,0.0,0.0
2022-02-23 00:00:00+00:00,4406626.5,4502026.0,4274898.0,4285275.5,2510399592089,0.0,0.0
2022-02-24 00:00:00+00:00,4283206.5,4506646.0,3947397.25,4429333.0,5359648331794,0.0,0.0
2022-02-25 00:00:00+00:00,4429464.5,4580091.0,4395209.5,4531458.0,3067516529211,0.0,0.0
2022-02-26 00:00:00+00:00,4531326.5,4622878.0,4472329.5,4518404.5,2018288541843,0.0,0.0
2022-02-27 00:00:00+00:00,4517659.0,4596258.0,4290258.5,4358836.0,2710576800530,0.0,0.0
2022-02-28 00:00:00+00:00,4358399.0,5032266.5,4336202.5,4970893.5,4107385273159,0.0,0.0
2022-03-01 00:00:00+00:00,4971039.5,5142148.5,4947064.0,5093791.0,3729970140728,0.0,0.0
2022-03-02 00:00:00+00:00,5094133.0,5206464.5,5011977.5,5074026.0,3371174804758,0.0,0.0
2022-03-03 00:00:00+00:00,5074150.5,5088951.0,4838680.5,4902474.0,2883362759722,0.0,0.0
2022-03-04 00:00:00+00:00,4903207.5,4903931.5,4454718.0,4493584.0,3274095703852,0.0,0.0
2022-03-05 00:00:00+00:00,4494829.5,4542809.0,4452185.5,4523778.0,1949089961978,0.0,0.0
2022-03-06 00:00:00+00:00,4524193.0,4551287.0,4387901.0,4416473.5,2269763845155,0.0,0.0
2022-03-07 00:00:00+00:00,4417545.0,4551062.5,4298150.5,4391175.5,3293337175131,0.0,0.0
2022-03-08 00:00:00+00:00,4390929.5,4545460.5,4378599.5,4482909.0,2983020899376,0.0,0.0
2022-03-09 00:00:00+00:00,4483551.0,4916421.0,4481174.0,4866283.0,3742084753177,0.0,0.0
2022-03-10 00:00:00+00:00,4865256.5,4869706.0,4506572.5,4581962.5,3610742792292,0.0,0.0
2022-03-11 00:00:00+00:00,4582254.0,4683711.0,4458185.0,4550185.5,3092285809676,0.0,0.0
2022-03-12 00:00:00+00:00,4550126.0,4610428.0,4547554.0,4562974.5,1714334562272,0.0,0.0
2022-03-13 00:00:00+00:00,4560712.5,4598787.0,4433717.0,4448603.5,2033417148860,0.0,0.0
2022-03-14 00:00:00+00:00,4448210.0,4699968.0,4428560.0,4689423.5,2875377806394,0.0,0.0
2022-03-15 00:00:00+00:00,4689127.5,4706560.5,4520369.0,4654303.0,2831711422587,0.0,0.0
2022-03-16 00:00:00+00:00,4653922.5,4902481.0,4612773.0,4890730.5,4709216607923,0.0,0.0
2022-03-17 00:00:00+00:00,4890364.0,4904009.5,4829915.5,4852358.5,2607933529242,0.0,0.0
2022-03-18 00:00:00+00:00,4851584.0,5026716.0,4796670.5,4983325.5,4103567450019,0.0,0.0
2022-03-19 00:00:00+00:00,4982549.5,5044769.0,4959663.0,5029759.5,2344345807228,0.0,0.0
2022-03-20 00:00:00+00:00,5029849.0,5035781.0,4888383.0,4919483.5,2400589752978,0.0,0.0
2022-03-21 00:00:00+00:00,4919282.0,4939355.0,4845455.0,4912692.5,2943877435797,0.0,0.0
2022-03-22 00:00:00+00:00,4912226.5,5192539.0,4908334.0,5139830.0,3883453663314,0.0,0.0
2022-03-23 00:00:00+00:00,5140505.5,5195595.5,5070570.5,5195529.0,3057621893707,0.0,0.0
2022-03-24 00:00:00+00:00,5194765.5,5397267.0,5178090.5,5378691.5,3798160551708,0.0,0.0
2022-03-25 00:00:00+00:00,5379133.5,5495584.0,5315034.0,5414315.0,3732677215310,0.0,0.0
2022-03-26 00:00:00+00:00,5414452.5,5462041.5,5392039.5,5433328.5,2069565924697,0.0,0.0
2022-03-27 00:00:00+00:00,5433881.5,5727729.5,5425571.5,5724793.5,3443263135054,0.0,0.0
2022-03-28 00:00:00+00:00,5724959.5,5953198.5,5707810.5,5825634.0,4494837625236,0.0,0.0
2022-03-29 00:00:00+00:00,5822226.5,5915342.5,5822226.5,5844160.0,3865724523752,0.0,0.0
2022-03-30 00:00:00+00:00,5843072.5,5808400.0,5721128.5,5742918.0,3579527255063,0.0,0.0
2022-03-31 00:00:00+00:00,5742855.0,5777681.0,5528363.0,5544202.5,4057517970922,0.0,0.0
2022-04-01 00:00:00+00:00,5546088.0,5724026.5,5446369.0,5669825.5,4675191063666,0.0,0.0
2022-04-02 00:00:00+00:00,5670297.5,5761293.5,5608678.5,5619267.5,3593938144949,0.0,0.0
2022-04-03 00:00:00+00:00,5618064.5,5803874.5,5590497.0,5696903.0,3116732772524,0.0,0.0
2022-04-04 00:00:00+00:00,5695885.5,5745688.5,5553375.0,5725271.0,3990978296813,0.0,0.0
2022-04-05 00:00:00+00:00,5725496.0,5792736.0,5632002.5,5633386.0,3665312636499,0.0,0.0
2022-04-06 00:00:00+00:00,5631946.5,5631946.5,5344226.0,5345807.5,4873997135590,0.0,0.0
2022-04-07 00:00:00+00:00,5345902.0,5437191.5,5302528.5,5398773.5,3239222235013,0.0,0.0
2022-04-08 00:00:00+00:00,5398933.0,5459044.0,5244437.0,5257413.5,3383628363949,0.0,0.0
2022-04-09 00:00:00+00:00,5256719.0,5319470.5,5244432.5,5318888.5,1995512135224,0.0,0.0
2022-04-10 00:00:00+00:00,5318758.5,5381188.5,5225232.0,5250627.0,2196213819980,0.0,0.0
2022-04-11 00:00:00+00:00,5249802.0,5290610.0,4938846.0,4959208.0,4260034978571,0.0,0.0
2022-04-12 00:00:00+00:00,4960690.5,5074956.0,4941561.0,5032681.0,3886899801959,0.0,0.0
2022-04-13 00:00:00+00:00,5032228.0,5204485.0,4987769.0,5161690.5,3472049228985,0.0,0.0
2022-04-14 00:00:00+00:00,5160874.0,5192088.0,5000790.5,5039503.0,3071741571005,0.0,0.0
2022-04-15 00:00:00+00:00,5039993.5,5137532.5,5028881.5,5128108.0,2751220225930,0.0,0.0
2022-04-16 00:00:00+00:00,5127963.0,5138252.0,5068038.0,5111798.0,2128602826600,0.0,0.0
2022-04-17 00:00:00+00:00,5110950.0,5130291.5,5018699.5,5029139.5,2416961990162,0.0,0.0
2022-04-18 00:00:00+00:00,5029677.5,5205057.5,4899383.0,5189542.5,4284366808713,0.0,0.0
2022-04-19 00:00:00+00:00,5189791.5,5367043.0,5195273.5,5368246.0,3272887531413,0.0,0.0
2022-04-20 00:00:00+00:00,5368115.5,5385546.5,5234670.0,5296541.0,3561317432655,0.0,0.0
2022-04-21 00:00:00+00:00,5296174.5,5502724.5,5146085.5,5204848.5,4542856211193,0.0,0.0
2022-04-22 00:00:00+00:00,5204655.5,5217453.0,5064848.0,5104645.0,3598105746131,0.0,0.0
2022-04-23 00:00:00+00:00,5104440.0,5130600.0,5054791.5,5072899.5,2073267727937,0.0,0.0
2022-04-24 00:00:00+00:00,5071826.0,5119046.0,5040372.0,5076086.5,2310374301672,0.0,0.0
2022-04-25 00:00:00+00:00,5076513.0,5183693.5,4910322.0,5169601.0,4529113669344,0.0,0.0
2022-04-26 00:00:00+00:00,5168337.5,5211164.0,4824994.0,4851114.0,4399521459965,0.0,0.0
2022-04-27 00:00:00+00:00,4851475.5,5047937.0,4842030.5,5040429.5,3979438118542,0.0,0.0
2022-04-28 00:00:00+00:00,5040468.5,5276533.0,5097981.5,5201986.0,4434237311748,0.0,0.0
2022-04-29 00:00:00+00:00,5201304.0,5201260.0,4962703.5,5013292.5,4010002617816,0.0,0.0
2022-04-30 00:00:00+00:00,5012778.0,5034248.0,4894889.5,4897088.0,3102739086839,0.0,0.0
2022-05-01 00:00:00+00:00,4896879.0,5015634.5,4880327.0,5001194.0,3510507329452,0.0,0.0
2022-05-02 00:00:00+00:00,5001596.0,5097310.5,4965828.5,5012819.5,4283367470168,0.0,0.0
2022-05-03 00:00:00+00:00,5012661.0,5027816.0,4892285.5,4912219.0,3555875791310,0.0,0.0
2022-05-04 00:00:00+00:00,4911901.0,5157259.0,4909615.0,5130659.0,4750177522261,0.0,0.0
2022-05-05 00:00:00+00:00,5130319.5,5147991.0,4663374.5,4766646.5,5617812077988,0.0,0.0
2022-05-06 00:00:00+00:00,4766391.0,4771733.0,4625229.0,4706043.0,4935156970534,0.0,0.0
2022-05-07 00:00:00+00:00,4706249.5,4717664.5,4562397.5,4635667.0,3182882311952,0.0,0.0
2022-05-08 00:00:00+00:00,4635796.0,4635796.0,4423745.5,4452870.5,4806359660000,0.0,0.0
2022-05-09 00:00:00+00:00,4452969.0,4477348.0,3950101.75,3950101.75,8260257755321,0.0,0.0
2022-05-10 00:00:00+00:00,3947064.0,4252414.5,3893453.25,4044437.25,7797528579487,0.0,0.0
2022-05-11 00:00:00+00:00,4043560.75,4155533.25,3661117.0,3757313.25,9139816955814,0.0,0.0
2022-05-12 00:00:00+00:00,3757362.5,3895610.5,3401233.5,3735677.75,8615123489216,0.0,0.0
2022-05-13 00:00:00+00:00,3733512.0,3997419.5,3696457.0,3783522.75,5535286540078,0.0,0.0
2022-05-14 00:00:00+00:00,3783850.75,3901060.5,3708558.75,3889233.5,3692661287429,0.0,0.0
2022-05-15 00:00:00+00:00,3888887.25,4051655.75,3815131.0,4051257.25,3343407169626,0.0,0.0
2022-05-16 00:00:00+00:00,4051161.75,4051287.0,3774871.0,3850667.5,4205391895629,0.0,0.0
2022-05-17 00:00:00+00:00,3850601.75,3979801.75,3825928.75,3937876.75,3766467904953,0.0,0.0
2022-05-18 00:00:00+00:00,3937698.25,3962023.5,3674284.75,3674284.75,4002433874429,0.0,0.0
2022-05-19 00:00:00+00:00,3674296.0,3885577.25,3690852.0,3875878.75,4318148062018,0.0,0.0
2022-05-20 00:00:00+00:00,3875467.5,3929158.5,3675464.75,3733752.0,3931769079845,0.0,0.0
2022-05-21 00:00:00+00:00,3733639.25,3783380.0,3711587.0,3763351.0,2208847064674,0.0,0.0
2022-05-22 00:00:00+00:00,3763382.5,3892091.25,3743270.5,3878131.0,2766478293501,0.0,0.0
2022-05-23 00:00:00+00:00,3876299.0,3903879.0,3702622.5,3719553.5,4024356836998,0.0,0.0
2022-05-24 00:00:00+00:00,3719836.75,3777651.0,3640319.75,3758448.25,3373285505358,0.0,0.0
2022-05-25 00:00:00+00:00,3758137.5,3832786.75,3731703.75,3758990.5,3499938751639,0.0,0.0
2022-05-26 00:00:00+00:00,3759297.75,3801409.0,3590853.5,3719985.75,4674169365746,0.0,0.0
2022-05-27 00:00:00+00:00,3717941.5,3727731.75,3601304.0,3639566.5,4650853139830,0.0,0.0
2022-05-28 00:00:00+00:00,3638937.25,3663382.0,3630284.75,3663382.0,4515781346190,0.0,0.0
2022-05-29 00:00:00+00:00,3689440.75,3751542.0,3666714.0,3747712.25,2302885822310,0.0,0.0
2022-05-30 00:00:00+00:00,3747382.25,4076868.75,3723217.0,4054141.0,5019118731516,0.0,0.0
2022-05-31 00:00:00+00:00,4053818.25,4146655.25,4030862.0,4092859.25,4317622037711,0.0,0.0
2022-06-01 00:00:00+00:00,4092890.75,4119906.5,3839661.25,3877575.5,5352757095671,0.0,0.0
2022-06-02 00:00:00+00:00,3877030.25,3974212.75,3852612.75,3958899.75,3779074428871,0.0,0.0
2022-06-03 00:00:00+00:00,3958941.0,3976115.75,3840342.5,3886908.75,3425148960150,0.0,0.0
2022-06-04 00:00:00+00:00,3887137.5,3916264.75,3860164.5,3903487.75,2170505398056,0.0,0.0
2022-06-05 00:00:00+00:00,3903776.0,3940756.25,3869668.75,3909862.5,2257028842157,0.0,0.0
2022-06-06 00:00:00+00:00,3910336.0,4164225.75,3907250.0,4146519.75,4222742348009,0.0,0.0
2022-06-07 00:00:00+00:00,4146661.25,4176994.5,3888221.25,4137986.75,5415091078415,0.0,0.0
2022-06-08 00:00:00+00:00,4137455.75,4149318.25,3984905.5,4062577.0,4066301904496,0.0,0.0
2022-06-09 00:00:00+00:00,4062701.0,4089343.75,4035585.0,4046902.0,2915296974277,0.0,0.0
2022-06-10 00:00:00+00:00,4046677.75,4055222.0,3893489.25,3909880.75,4015233755311,0.0,0.0
2022-06-11 00:00:00+00:00,3909996.75,3952646.25,3795370.5,3812118.5,3662348303168,0.0,0.0
2022-06-12 00:00:00+00:00,3813826.0,3831188.5,3608100.25,3608100.25,4605834112483,0.0,0.0
2022-06-13 00:00:00+00:00,3604720.0,3613572.75,2972331.0,3018512.0,9155188550119,0.0,0.0
2022-06-14 00:00:00+00:00,3018592.5,3100836.75,2813473.25,3004507.0,6888441261188,0.0,0.0
2022-06-15 00:00:00+00:00,3003145.5,3037835.25,2715757.25,3027357.0,7364525435783,0.0,0.0
2022-06-16 00:00:00+00:00,3027821.75,3074120.5,2687999.75,2698855.5,4129255371170,0.0,0.0
2022-06-17 00:00:00+00:00,2699394.0,2853272.75,2700697.0,2763281.75,3662388636092,0.0,0.0
2022-06-18 00:00:00+00:00,2763544.0,2798992.5,2390531.5,2567239.0,5670958891846,0.0,0.0
2022-06-19 00:00:00+00:00,2566329.25,2797207.75,2438930.0,2780826.75,4780088242242,0.0,0.0
2022-06-20 00:00:00+00:00,2780840.25,2821837.25,2656468.25,2783047.75,4163648876469,0.0,0.0
2022-06-21 00:00:00+00:00,2782339.5,2943302.75,2756227.25,2823214.75,3949144078727,0.0,0.0
2022-06-22 00:00:00+00:00,2824416.75,2834512.75,2703705.25,2718091.25,3885964976621,0.0,0.0
2022-06-23 00:00:00+00:00,2718033.75,2851341.25,2714443.5,2842828.0,3530716672371,0.0,0.0
2022-06-24 00:00:00+00:00,2842662.25,2903353.25,2793804.25,2870732.25,3374542098792,0.0,0.0
2022-06-25 00:00:00+00:00,2870996.5,2909842.75,2834621.5,2907331.25,2484150959701,0.0,0.0
2022-06-26 00:00:00+00:00,2906541.0,2945377.5,2838467.75,2839820.25,2434641484234,0.0,0.0
2022-06-27 00:00:00+00:00,2839947.75,2899040.0,2793021.25,2808405.25,2839585964421,0.0,0.0
2022-06-28 00:00:00+00:00,2807872.5,2872790.25,2755235.0,2759134.0,2908908986637,0.0,0.0
2022-06-29 00:00:00+00:00,2759206.75,2771310.0,2720853.0,2746672.0,3217846041821,0.0,0.0
2022-06-30 00:00:00+00:00,2747258.0,2753750.75,2542555.5,2686739.25,3567055971393,0.0,0.0
2022-07-01 00:00:00+00:00,2691593.25,2804319.25,2580997.0,2605700.0,4160542105415,0.0,0.0
2022-07-02 00:00:00+00:00,2606439.75,2619544.5,2572937.0,2602034.0,2447629124111,0.0,0.0
2022-07-03 00:00:00+00:00,2602012.25,2646722.75,2564806.0,2605907.5,2213442352810,0.0,0.0
2022-07-04 00:00:00+00:00,2605939.75,2752701.75,2574371.75,2748730.5,2933966317464,0.0,0.0
2022-07-05 00:00:00+00:00,2747927.75,2804030.0,2626932.0,2736628.75,3621105385710,0.0,0.0
2022-07-06 00:00:00+00:00,2737239.25,2802097.25,2680155.25,2793606.0,3344312493439,0.0,0.0
2022-07-07 00:00:00+00:00,2793547.25,2960905.75,2757154.5,2941005.5,3508800465365,0.0,0.0
2022-07-08 00:00:00+00:00,2940946.75,3032668.5,2893903.5,2957495.75,6791116685760,0.0,0.0
2022-07-09 00:00:00+00:00,2955551.25,2977260.0,2918580.25,2938483.25,4033861090202,0.0,0.0
2022-07-10 00:00:00+00:00,2938330.25,2938330.25,2820754.25,2843263.5,3910262911440,0.0,0.0
2022-07-11 00:00:00+00:00,2842705.25,2842705.25,2736133.5,2744279.0,3318636657531,0.0,0.0
2022-07-12 00:00:00+00:00,2744267.75,2755888.75,2639714.25,2642299.5,3529219224124,0.0,0.0
2022-07-13 00:00:00+00:00,2642581.0,2780560.0,2612636.0,2781833.25,4547704033915,0.0,0.0
2022-07-14 00:00:00+00:00,2781749.5,2886678.75,2738458.5,2858749.5,4330354337529,0.0,0.0
2022-07-15 00:00:00+00:00,2859199.25,2928441.0,2830968.75,2888290.25,3590979045060,0.0,0.0
2022-07-16 00:00:00+00:00,2887981.75,2980422.5,2844288.75,2935526.25,3366724679814,0.0,0.0
2022-07-17 00:00:00+00:00,2936180.75,2992369.0,2873601.5,2873762.5,3170892100227,0.0,0.0
2022-07-18 00:00:00+00:00,2874117.5,3126504.5,2874117.5,3108888.25,5526900972049,0.0,0.0
2022-07-19 00:00:00+00:00,3106421.75,3270361.75,2987648.25,3232197.5,6738887743318,0.0,0.0
2022-07-20 00:00:00+00:00,3232717.0,3342627.25,3178502.5,3215704.0,5942663522377,0.0,0.0
2022-07-21 00:00:00+00:00,3215907.5,3236970.0,3098930.5,3175472.25,4610233319755,0.0,0.0
2022-07-22 00:00:00+00:00,3175352.0,3221552.25,3075616.5,3090372.75,4274902572734,0.0,0.0
2022-07-23 00:00:00+00:00,3089285.0,3126049.5,2996312.25,3059303.75,3271240567180,0.0,0.0
2022-07-24 00:00:00+00:00,3059308.0,3129771.25,3037701.0,3082658.0,3213049239835,0.0,0.0
2022-07-25 00:00:00+00:00,3082384.0,3093473.5,2914035.75,2914043.5,4852882449485,0.0,0.0
2022-07-26 00:00:00+00:00,2913964.5,2913964.5,2839165.0,2909119.5,3920600718294,0.0,0.0
2022-07-27 00:00:00+00:00,2909724.25,3138235.0,2885278.25,3121296.75,4323015753354,0.0,0.0
2022-07-28 00:00:00+00:00,3121717.75,3237337.0,3070891.75,3204693.75,5404672038960,0.0,0.0
2022-07-29 00:00:00+00:00,3204872.0,3223743.0,3152118.5,3170896.5,4780361611630,0.0,0.0
2022-07-30 00:00:00+00:00,3169855.5,3273190.75,3141042.0,3151125.5,3749483818154,0.0,0.0
2022-07-31 00:00:00+00:00,3150574.25,3213123.75,3103035.25,3112523.5,3141424988775,0.0,0.0
2022-08-01 00:00:00+00:00,3112499.75,3092306.75,3019605.0,3066741.0,3400188699938,0.0,0.0
2022-08-02 00:00:00+00:00,3065982.75,3097538.25,2970717.5,3064493.75,3786153713866,0.0,0.0
2022-08-03 00:00:00+00:00,3064918.75,3149408.25,3042580.0,3059852.25,3520797136212,0.0,0.0
2022-08-04 00:00:00+00:00,3060081.0,3102727.5,2988177.5,3001328.75,3331457432106,0.0,0.0
2022-08-05 00:00:00+00:00,3000782.0,3118105.5,3002908.5,3142252.5,3896730324047,0.0,0.0
2022-08-06 00:00:00+00:00,3142537.25,3147278.0,3099543.0,3099543.0,2156905301842,0.0,0.0
2022-08-07 00:00:00+00:00,3099843.75,3153991.75,3090536.25,3130217.0,2145729113658,0.0,0.0
2022-08-08 00:00:00+00:00,3130708.0,3266130.5,3134520.5,3210411.75,3853055028376,0.0,0.0
2022-08-09 00:00:00+00:00,3210681.0,3225039.25,3102091.75,3131711.5,3184627237655,0.0,0.0
2022-08-10 00:00:00+00:00,3131519.75,3212830.75,3079745.75,3180726.0,4361467681259,0.0,0.0
2022-08-11 00:00:00+00:00,3180819.25,3285641.25,3179163.25,3186711.0,4938452770705,0.0,0.0
2022-08-12 00:00:00+00:00,3186667.25,3257527.5,3166469.75,3256226.75,3638253547214,0.0,0.0
2022-08-13 00:00:00+00:00,3256142.5,3317238.0,3248660.25,3259062.25,3067351033068,0.0,0.0
2022-08-14 00:00:00+00:00,3259728.0,3332565.25,3229998.5,3242282.0,3065604712147,0.0,0.0
2022-08-15 00:00:00+00:00,3242146.25,3351114.5,3172450.75,3213434.75,4676107686852,0.0,0.0
2022-08-16 00:00:00+00:00,3211992.25,3233828.0,3188928.0,3207155.75,3726889800083,0.0,0.0
2022-08-17 00:00:00+00:00,3206890.5,3280778.5,3138527.0,3149336.75,4174413279229,0.0,0.0
2022-08-18 00:00:00+00:00,3150017.25,3179738.75,3148491.75,3152510.5,3225151467705,0.0,0.0
2022-08-19 00:00:00+00:00,3152588.5,3152588.5,2857885.0,2859077.25,5547589869685,0.0,0.0
2022-08-20 00:00:00+00:00,2858432.0,2923886.25,2855297.0,2897644.25,3777861157791,0.0,0.0
2022-08-21 00:00:00+00:00,2896868.25,2966716.25,2889038.25,2948270.75,3162973710080,0.0,0.0
2022-08-22 00:00:00+00:00,2947907.0,2947907.0,2865060.75,2944003.5,4356590425146,0.0,0.0
2022-08-23 00:00:00+00:00,2944297.5,2942692.0,2877779.5,2943872.75,4359216741021,0.0,0.0
2022-08-24 00:00:00+00:00,2943649.5,2987908.25,2901479.75,2933252.0,4382016946190,0.0,0.0
2022-08-25 00:00:00+00:00,2933312.0,2975037.25,2926953.5,2949945.5,4237457485749,0.0,0.0
2022-08-26 00:00:00+00:00,2949287.5,2979181.0,2778904.75,2787232.75,5823025963618,0.0,0.0
2022-08-27 00:00:00+00:00,2787571.5,2798342.5,2736239.75,2757041.75,4143007931578,0.0,0.0
2022-08-28 00:00:00+00:00,2756945.0,2770429.0,2710340.5,2710340.5,3366619499515,0.0,0.0
2022-08-29 00:00:00+00:00,2710110.75,2826117.5,2710171.25,2814237.5,4525110883566,0.0,0.0
2022-08-30 00:00:00+00:00,2814323.25,2847104.5,2721854.5,2747087.75,4785054753623,0.0,0.0
2022-08-31 00:00:00+00:00,2747472.5,2829524.5,2747472.5,2793550.25,4629299383647,0.0,0.0
2022-09-01 00:00:00+00:00,2793652.75,2817249.5,2752322.0,2819604.75,4228191120852,0.0,0.0
2022-09-02 00:00:00+00:00,2819455.25,2859279.75,2776375.75,2799981.5,4083505013632,0.0,0.0
2022-09-03 00:00:00+00:00,2799974.25,2809409.25,2761926.0,2780676.75,3310809557850,0.0,0.0
2022-09-04 00:00:00+00:00,2780730.75,2809116.5,2753297.75,2809002.75,3548141757034,0.0,0.0
2022-09-05 00:00:00+00:00,2809294.5,2813186.25,2764776.25,2782299.5,4046344260520,0.0,0.0
2022-09-06 00:00:00+00:00,2783051.25,2829074.25,2685110.0,2696792.5,6213695111621,0.0,0.0
2022-09-07 00:00:00+00:00,2696794.75,2793122.25,2677925.25,2780021.75,5078571489127,0.0,0.0
2022-09-08 00:00:00+00:00,2779966.5,2796059.75,2753460.25,2781128.25,4632060986859,0.0,0.0
2022-09-09 00:00:00+00:00,2780884.5,3055224.25,2779062.75,3046922.25,6907152717676,0.0,0.0
2022-09-10 00:00:00+00:00,3046318.0,3100949.25,3016649.75,3089586.5,5260394345590,0.0,0.0
2022-09-11 00:00:00+00:00,3089302.0,3103808.25,3050597.75,3103623.25,4917771686848,0.0,0.0
2022-09-12 00:00:00+00:00,3103750.5,3198483.25,3088417.25,3189668.0,7159440493014,0.0,0.0
2022-09-13 00:00:00+00:00,3189815.25,3218170.25,2900641.75,2931922.5,7380270746059,0.0,0.0
2022-09-14 00:00:00+00:00,2915721.75,2957177.25,2832911.25,2892871.25,5412748028850,0.0,0.0
2022-09-15 00:00:00+00:00,2893042.75,2919624.0,2815097.5,2823942.0,5215946325369,0.0,0.0
2022-09-16 00:00:00+00:00,2824342.5,2843031.5,2774290.25,2826026.25,4305426737904,0.0,0.0
2022-09-17 00:00:00+00:00,2826662.25,2882365.0,2826662.25,2877368.0,3567829429350,0.0,0.0
2022-09-18 00:00:00+00:00,2877319.0,2877319.0,2773245.0,2772367.5,4461994780104,0.0,0.0
2022-09-19 00:00:00+00:00,2772234.0,2813257.25,2635359.25,2798396.75,5752683855153,0.0,0.0
2022-09-20 00:00:00+00:00,2798606.25,2802620.25,2702270.5,2712441.75,5282700539359,0.0,0.0
2022-09-21 00:00:00+00:00,2712512.5,2838124.5,2636838.25,2675309.5,6687594779530,0.0,0.0
2022-09-22 00:00:00+00:00,2673470.25,2769965.75,2659574.5,2761971.75,5852398043595,0.0,0.0
2022-09-23 00:00:00+00:00,2761808.0,2768782.5,2665174.75,2766028.25,5575171855613,0.0,0.0
2022-09-24 00:00:00+00:00,2765935.5,2767828.5,2704363.75,2715122.5,3749244313631,0.0,0.0
2022-09-25 00:00:00+00:00,2715022.0,2743471.0,2681793.25,2698602.75,3352778423548,0.0,0.0
2022-09-26 00:00:00+00:00,2698861.5,2771644.5,2695975.5,2777272.5,6378574232563,0.0,0.0
2022-09-27 00:00:00+00:00,2777152.25,2942100.0,2740360.25,2765525.5,8475990170140,0.0,0.0
2022-09-28 00:00:00+00:00,2764668.0,2837366.0,2684569.25,2805558.5,7664424284846,0.0,0.0
2022-09-29 00:00:00+00:00,2805711.5,2830513.75,2737370.75,2826861.5,5926940418514,0.0,0.0
2022-09-30 00:00:00+00:00,2826916.5,2908153.5,2785757.0,2812751.0,6365415953581,0.0,0.0
2022-10-01 00:00:00+00:00,2812652.0,2818449.25,2783487.5,2795213.25,2709447162802,0.0,0.0
2022-10-02 00:00:00+00:00,2795177.75,2803639.25,2748378.25,2757691.5,3007024544173,0.0,0.0
2022-10-03 00:00:00+00:00,2757685.75,2840300.5,2755594.75,2836159.25,4405900794136,0.0,0.0
2022-10-04 00:00:00+00:00,2836160.0,2938078.75,2828204.0,2925509.25,5162481165403,0.0,0.0
2022-10-05 00:00:00+00:00,2925373.75,2925240.25,2864677.75,2911956.25,4798749468644,0.0,0.0
2022-10-06 00:00:00+00:00,2912002.75,2952409.5,2885430.0,2894457.25,5034751605091,0.0,0.0
2022-10-07 00:00:00+00:00,2894764.0,2904159.5,2817947.0,2841037.5,4248045211361,0.0,0.0
2022-10-08 00:00:00+00:00,2840961.75,2849009.25,2805459.25,2822489.5,2389426018630,0.0,0.0
2022-10-09 00:00:00+00:00,2822622.0,2840801.25,2812705.0,2828784.0,2449240812887,0.0,0.0
2022-10-10 00:00:00+00:00,2828782.75,2836762.5,2782947.5,2788410.0,3995103625938,0.0,0.0
2022-10-11 00:00:00+00:00,2788048.25,2801312.0,2758900.0,2779497.25,4188854738179,0.0,0.0
2022-10-12 00:00:00+00:00,2779676.25,2819284.75,2793308.5,2811910.75,3662161566951,0.0,0.0
2022-10-13 00:00:00+00:00,2811840.5,2864927.25,2705187.5,2855332.5,6514108648668,0.0,0.0
2022-10-14 00:00:00+00:00,2855278.0,2926670.0,2843511.75,2853961.5,5719978774869,0.0,0.0
2022-10-15 00:00:00+00:00,2853929.0,2857960.75,2829207.75,2836405.25,2408675343851,0.0,0.0
2022-10-16 00:00:00+00:00,2836595.5,2880180.25,2836595.5,2864057.5,2673917543200,0.0,0.0
2022-10-17 00:00:00+00:00,2864127.25,2919737.0,2852164.75,2912554.5,4092696110377,0.0,0.0
2022-10-18 00:00:00+00:00,2912511.25,2927865.0,2857156.0,2884994.5,4563011831946,0.0,0.0
2022-10-19 00:00:00+00:00,2885085.75,2887277.25,2865351.75,2867627.75,3359938679061,0.0,0.0
2022-10-20 00:00:00+00:00,2867410.5,2890173.75,2844561.5,2861320.75,3678286673637,0.0,0.0
2022-10-21 00:00:00+00:00,2861240.25,2836773.75,2849410.25,2831294.5,4793425335565,0.0,0.0
2022-10-22 00:00:00+00:00,2831281.25,2842843.25,2825354.0,2836953.75,2378545407215,0.0,0.0
2022-10-23 00:00:00+00:00,2836886.25,2925720.5,2824548.25,2888721.25,3266923697482,0.0,0.0
2022-10-24 00:00:00+00:00,2888833.75,2910562.0,2859130.25,2880376.25,4496832701601,0.0,0.0
2022-10-25 00:00:00+00:00,2880285.75,3008491.25,2867763.0,2973830.0,7067857919603,0.0,0.0
2022-10-26 00:00:00+00:00,2973294.5,3066620.0,2971887.75,3034296.75,8603947450101,0.0,0.0
2022-10-27 00:00:00+00:00,3034641.75,3026708.25,2962054.5,2967532.5,7259455355551,0.0,0.0
2022-10-28 00:00:00+00:00,2967842.5,3061418.0,2963342.75,3036887.5,6487240834551,0.0,0.0
2022-10-29 00:00:00+00:00,3036851.0,3094843.75,3032631.0,3069788.5,5952734852341,0.0,0.0
2022-10-30 00:00:00+00:00,3069715.5,3084317.25,3032983.75,3050241.5,4654138425135,0.0,0.0
2022-10-31 00:00:00+00:00,3049959.5,3090839.75,3017414.75,3048545.0,6792735365687,0.0,0.0
2022-11-01 00:00:00+00:00,3048414.5,3044905.25,3012726.5,3029958.5,5889637735290,0.0,0.0
2022-11-02 00:00:00+00:00,3029616.25,3028263.75,2972604.75,2981402.25,8215647379871,0.0,0.0
2022-11-03 00:00:00+00:00,2981873.5,3002823.0,2980221.25,2998907.0,6414600763653,0.0,0.0
2022-11-04 00:00:00+00:00,2998726.25,3113064.25,2993166.5,3100289.5,9393382281066,0.0,0.0
2022-11-05 00:00:00+00:00,3099938.0,3144220.75,3093018.75,3120149.0,5548419672752,0.0,0.0
2022-11-06 00:00:00+00:00,3120495.75,3129339.0,3072049.0,3072973.5,5151757552494,0.0,0.0
2022-11-07 00:00:00+00:00,3072699.5,3097816.75,3004240.75,3020919.0,7846108975409,0.0,0.0
2022-11-08 00:00:00+00:00,3020604.5,3029050.5,2563667.5,2693961.75,17289059870904,0.0,0.0
2022-11-09 00:00:00+00:00,2694323.5,2703852.25,2294581.75,2321727.75,15044459063594,0.0,0.0
2022-11-10 00:00:00+00:00,2322075.5,2549702.25,2315590.5,2492698.25,11792851687637,0.0,0.0
2022-11-11 00:00:00+00:00,2492199.5,2508481.5,2310714.25,2364360.0,7754980368579,0.0,0.0
2022-11-12 00:00:00+00:00,2364718.25,2368854.5,2311266.75,2331978.75,4125262444905,0.0,0.0
2022-11-13 00:00:00+00:00,2332053.5,2348856.25,2276026.75,2283207.75,3798864598167,0.0,0.0
2022-11-14 00:00:00+00:00,2283021.25,2401155.75,2215613.25,2328095.5,6952856257370,0.0,0.0
2022-11-15 00:00:00+00:00,2327995.5,2374052.5,2322071.25,2346395.75,5086095548271,0.0,0.0
2022-11-16 00:00:00+00:00,2346357.75,2374934.5,2289360.25,2322499.5,4726732678271,0.0,0.0
2022-11-17 00:00:00+00:00,2322637.0,2331155.5,2296886.75,2343347.75,3913497385264,0.0,0.0
2022-11-18 00:00:00+00:00,2343403.0,2376870.25,2322348.25,2343450.75,3769979859377,0.0,0.0
2022-11-19 00:00:00+00:00,2343232.0,2357835.0,2325575.5,2345717.5,2260751075884,0.0,0.0
2022-11-20 00:00:00+00:00,2345910.25,2350662.75,2280357.75,2285187.5,2989538817657,0.0,0.0
2022-11-21 00:00:00+00:00,2285102.0,2285102.0,2216731.25,2243286.25,5318524029925,0.0,0.0
2022-11-22 00:00:00+00:00,2242578.25,2297834.25,2222608.0,2285347.75,4337399147801,0.0,0.0
2022-11-23 00:00:00+00:00,2286169.25,2322536.75,2282285.0,2312915.25,4589274262128,0.0,0.0
2022-11-24 00:00:00+00:00,2313045.0,2329061.5,2279889.75,2301452.75,3621600714588,0.0,0.0
2022-11-25 00:00:00+00:00,2301148.25,2300683.0,2272764.5,2298601.25,2598612362614,0.0,0.0
2022-11-26 00:00:00+00:00,2298564.5,2318777.5,2283908.0,2290593.25,2504251491842,0.0,0.0
2022-11-27 00:00:00+00:00,2290538.0,2311293.75,2291111.0,2291967.0,2849364947301,0.0,0.0
2022-11-28 00:00:00+00:00,2291353.25,2292471.0,2228346.0,2249734.5,3848628045680,0.0,0.0
2022-11-29 00:00:00+00:00,2249778.5,2281367.25,2236234.5,2281763.25,3271990300784,0.0,0.0
2022-11-30 00:00:00+00:00,2281832.0,2360068.25,2281832.0,2358307.0,4055415066404,0.0,0.0
2022-12-01 00:00:00+00:00,2358229.75,2336227.0,2285425.0,2293163.75,3094387394092,0.0,0.0
2022-12-02 00:00:00+00:00,2293373.25,2295263.25,2288134.5,2295263.25,2624475436748,0.0,0.0
2022-12-03 00:00:00+00:00,2295456.5,2298941.0,2268330.5,2271029.75,2178290630289,0.0,0.0
2022-12-04 00:00:00+00:00,2271020.75,2307565.25,2270385.5,2303750.5,2262603622531,0.0,0.0
2022-12-05 00:00:00+00:00,2303536.5,2335551.0,2313998.75,2318459.0,3033365939790,0.0,0.0
2022-12-06 00:00:00+00:00,2318515.5,2339852.0,2320180.75,2339312.0,2722649924414,0.0,0.0
2022-12-07 00:00:00+00:00,2339312.5,2344625.25,2302816.5,2297756.0,2683341488241,0.0,0.0
2022-12-08 00:00:00+00:00,2297650.0,2360255.0,2296343.0,2354705.75,2800565412379,0.0,0.0
2022-12-09 00:00:00+00:00,2354524.5,2347644.25,2336926.25,2339789.0,2776151706509,0.0,0.0
2022-12-10 00:00:00+00:00,2339935.0,2351387.75,2338257.25,2339355.25,1735428592493,0.0,0.0
2022-12-11 00:00:00+00:00,2339490.0,2356383.0,2336516.0,2338613.5,1930932318350,0.0,0.0
2022-12-12 00:00:00+00:00,2338382.25,2366994.25,2313814.25,2366169.25,2697741124456,0.0,0.0
2022-12-13 00:00:00+00:00,2366169.5,2417890.25,2354795.25,2410706.5,3611011311312,0.0,0.0
2022-12-14 00:00:00+00:00,2410807.75,2468513.5,2398346.75,2411391.25,3456153581830,0.0,0.0
2022-12-15 00:00:00+00:00,2411119.75,2417225.5,2386346.25,2392044.75,2887894687840,0.0,0.0
2022-12-16 00:00:00+00:00,2392001.0,2399169.75,2267211.5,2275794.25,3285241102807,0.0,0.0
2022-12-17 00:00:00+00:00,2275725.75,2296725.0,2271221.25,2295973.25,1977244333519,0.0,0.0
2022-12-18 00:00:00+00:00,2296044.25,2292332.25,2282676.0,2288746.75,1492010625947,0.0,0.0
2022-12-19 00:00:00+00:00,2288892.0,2288075.75,2243629.0,2251808.75,2358839501512,0.0,0.0
2022-12-20 00:00:00+00:00,2252097.25,2244958.5,2253410.5,2229829.0,2996893062768,0.0,0.0
2022-12-21 00:00:00+00:00,2229594.5,2228484.0,2216220.75,2226605.25,1970469814724,0.0,0.0
2022-12-22 00:00:00+00:00,2226717.25,2226431.25,2197297.75,2228034.25,2176568323519,0.0,0.0
2022-12-23 00:00:00+00:00,2227942.0,2244190.75,2227112.0,2230047.5,2035190061042,0.0,0.0
2022-12-24 00:00:00+00:00,2230050.75,2239042.5,2229593.0,2236792.5,1293746731809,0.0,0.0
2022-12-25 00:00:00+00:00,2236759.25,2238491.75,2227962.75,2236777.0,1548078732379,0.0,0.0
2022-12-26 00:00:00+00:00,2236811.75,2246354.0,2235221.5,2246311.75,1578139461829,0.0,0.0
2022-12-27 00:00:00+00:00,2246243.5,2250012.0,2219470.0,2231532.25,2102237292352,0.0,0.0
2022-12-28 00:00:00+00:00,2231429.0,2246993.5,2218220.25,2218622.0,2279358739559,0.0,0.0
2022-12-29 00:00:00+00:00,2218588.5,2216577.0,2204510.0,2212103.75,1923652820682,0.0,0.0
2022-12-30 00:00:00+00:00,2211969.0,2207353.5,2162035.75,2176848.75,2088552861364,0.0,0.0
2022-12-31 00:00:00+00:00,2176991.5,2180310.25,2165695.25,2169625.5,1473626402457,0.0,0.0
2023-01-01 00:00:00+00:00,2169680.5,2174429.75,2166182.25,2176655.25,1210327299919,0.0,0.0
2023-01-02 00:00:00+00:00,2176711.5,2194497.75,2169686.0,2182750.75,1582315548856,0.0,0.0
2023-01-03 00:00:00+00:00,2182800.0,2176679.25,2174724.25,2190040.25,1825453445195,0.0,0.0
2023-01-04 00:00:00+00:00,2190086.0,2247226.0,2182748.0,2230174.25,2436287528506,0.0,0.0
2023-01-05 00:00:00+00:00,2230205.25,2227512.5,2243198.5,2244736.5,1825569691667,0.0,0.0
2023-01-06 00:00:00+00:00,2244701.5,2244232.75,2249328.25,2239100.0,1903828011301,0.0,0.0
2023-01-07 00:00:00+00:00,2239119.5,2242144.25,2234110.25,2239510.75,1019004671892,0.0,0.0
2023-01-08 00:00:00+00:00,2239387.5,2252668.5,2235412.5,2252668.5,1287563267788,0.0,0.0
2023-01-09 00:00:00+00:00,2253043.75,2290124.75,2253043.75,2265336.5,2453473836814,0.0,0.0
2023-01-10 00:00:00+00:00,2264861.75,2312037.0,2262659.5,2304734.75,2088353700682,0.0,0.0
2023-01-11 00:00:00+00:00,2304743.75,2365666.75,2298943.0,2365666.75,2423359347694,0.0,0.0
2023-01-12 00:00:00+00:00,2389765.0,2458697.5,2352509.75,2437613.75,4517672473287,0.0,0.0
2023-01-13 00:00:00+00:00,2437525.75,2553336.75,2421593.25,2546335.0,3737735172668,0.0,0.0
2023-01-14 00:00:00+00:00,2546458.0,2695405.0,2546111.75,2682763.5,4983784156690,0.0,0.0
2023-01-15 00:00:00+00:00,2682915.0,2684995.25,2635530.25,2673922.0,2471286525571,0.0,0.0
2023-01-16 00:00:00+00:00,2674104.5,2745556.0,2662367.0,2716948.75,3438596912831,0.0,0.0
2023-01-17 00:00:00+00:00,2717744.5,2754310.25,2700787.5,2714743.75,3207168004581,0.0,0.0
2023-01-18 00:00:00+00:00,2714683.5,2752797.75,2640122.5,2659515.75,3857184140160,0.0,0.0
2023-01-19 00:00:00+00:00,2659254.25,2716750.25,2659078.75,2706996.0,2715475742646,0.0,0.0
2023-01-20 00:00:00+00:00,2706813.5,2939908.25,2698985.75,2937860.5,3731074200495,0.0,0.0
2023-01-21 00:00:00+00:00,2937974.0,3016344.25,2916520.25,2950955.0,4203059114608,0.0,0.0
2023-01-22 00:00:00+00:00,2951001.75,2987114.5,2898112.5,2939810.5,3201952236779,0.0,0.0
2023-01-23 00:00:00+00:00,2939897.5,3020920.5,2959326.25,2995195.5,3463294553191,0.0,0.0
2023-01-24 00:00:00+00:00,2994568.0,3010107.5,2934308.0,2947607.75,3438336152891,0.0,0.0
2023-01-25 00:00:00+00:00,2947972.25,3074329.0,2917427.75,2988155.0,3966311595528,0.0,0.0
2023-01-26 00:00:00+00:00,2987004.0,3005228.0,2986841.25,2989804.25,3421418869962,0.0,0.0
2023-01-27 00:00:00+00:00,2989536.75,3041189.25,2939229.5,2997582.0,3296916032426,0.0,0.0
2023-01-28 00:00:00+00:00,2997742.5,3008903.75,2975286.5,2991394.5,1910989561896,0.0,0.0
2023-01-29 00:00:00+00:00,2991441.25,3106836.25,2985417.25,3086949.0,3560760112946,0.0,0.0
2023-01-30 00:00:00+00:00,3086959.75,3094863.25,2954373.0,2980192.75,3549799712556,0.0,0.0
2023-01-31 00:00:00+00:00,2980278.5,3021261.75,2967423.5,3010756.25,2971532657855,0.0,0.0
2023-02-01 00:00:00+00:00,3010567.75,3064663.0,2966760.5,3051038.25,3431648319302,0.0,0.0
2023-02-02 00:00:00+00:00,3050659.5,3104428.5,3022046.5,3022468.25,4129253227199,0.0,0.0
2023-02-03 00:00:00+00:00,3022151.75,3102996.75,3052002.25,3076433.75,3553162844822,0.0,0.0
2023-02-04 00:00:00+00:00,3076040.0,3090554.5,3055767.75,3060789.5,2051642140499,0.0,0.0
2023-02-05 00:00:00+00:00,3060842.0,3072804.5,3023128.25,3031667.5,2583777818072,0.0,0.0
2023-02-06 00:00:00+00:00,3031450.5,3069258.75,3010573.75,3018605.0,3159839142645,0.0,0.0
2023-02-07 00:00:00+00:00,3018228.0,3046140.75,3016273.75,3048986.0,3563217240089,0.0,0.0
2023-02-08 00:00:00+00:00,3048871.25,3060495.75,2987188.5,3014132.25,3333681860685,0.0,0.0
2023-02-09 00:00:00+00:00,3015074.0,3024372.5,2862598.0,2869654.75,4283966408975,0.0,0.0
2023-02-10 00:00:00+00:00,2869650.25,2889423.75,2830188.25,2845507.5,3558780343441,0.0,0.0
2023-02-11 00:00:00+00:00,2845594.0,2877079.5,2841205.25,2874380.5,2149617718194,0.0,0.0
2023-02-12 00:00:00+00:00,2874384.25,2899367.25,2848038.75,2866418.0,2344505678285,0.0,0.0
2023-02-13 00:00:00+00:00,2866259.5,2893758.5,2845130.25,2886024.25,3165340620118,0.0,0.0
2023-02-14 00:00:00+00:00,2885193.25,2952286.0,2878545.25,2955180.75,3563190957222,0.0,0.0
2023-02-15 00:00:00+00:00,2955151.75,3254992.75,2933388.0,3254992.75,4349746463632,0.0,0.0
2023-02-16 00:00:00+00:00,3254927.0,3372229.5,3164366.5,3167333.0,5271408017002,0.0,0.0
2023-02-17 00:00:00+00:00,3167039.25,3343031.5,3146808.75,3294369.5,5546374010756,0.0,0.0
2023-02-18 00:00:00+00:00,3294328.25,3325647.25,3281576.0,3304517.75,2631867389504,0.0,0.0
2023-02-19 00:00:00+00:00,3304350.25,3365103.5,3267524.5,3267524.5,3432389296619,0.0,0.0
2023-02-20 00:00:00+00:00,3268731.0,3352666.5,3216874.0,3335518.75,3894130350101,0.0,0.0
2023-02-21 00:00:00+00:00,3336042.75,3387020.0,3266879.75,3298750.75,4218832420044,0.0,0.0
2023-02-22 00:00:00+00:00,3298894.5,3302285.25,3186483.25,3264030.5,4075172533868,0.0,0.0
2023-02-23 00:00:00+00:00,3264283.5,3311540.25,3197281.25,3224027.0,4102988954941,0.0,0.0
2023-02-24 00:00:00+00:00,3223827.0,3243558.25,3138923.75,3165964.25,3659132560008,0.0,0.0
2023-02-25 00:00:00+00:00,3166237.0,3167613.25,3120259.75,3163091.25,2197506982810,0.0,0.0
2023-02-26 00:00:00+00:00,3162924.0,3225272.0,3150650.0,3214574.0,2270897111157,0.0,0.0
2023-02-27 00:00:00+00:00,3214606.5,3245086.75,3159747.25,3206743.75,3089217252969,0.0,0.0
2023-02-28 00:00:00+00:00,3206603.0,3210708.75,3142576.0,3156130.0,2799986536543,0.0,0.0
2023-03-01 00:00:00+00:00,3156617.75,3245302.25,3148516.25,3220534.0,3358947436310,0.0,0.0
2023-03-02 00:00:00+00:00,3220598.0,3230953.75,3179572.5,3209583.5,2787243694941,0.0,0.0
2023-03-03 00:00:00+00:00,3209743.0,3208590.0,3017090.75,3037835.75,3540421291896,0.0,0.0
2023-03-04 00:00:00+00:00,3037869.0,3043631.75,3015621.0,3036591.25,1516847217565,0.0,0.0
2023-03-05 00:00:00+00:00,3036699.0,3071956.5,3030314.25,3051689.75,1811385234167,0.0,0.0
2023-03-06 00:00:00+00:00,3051867.0,3068882.5,3029622.5,3050430.0,2360021012349,0.0,0.0
2023-03-07 00:00:00+00:00,3050234.75,3063233.75,3018762.0,3052798.0,3127769869892,0.0,0.0
2023-03-08 00:00:00+00:00,3052340.75,3061372.0,2978051.5,2980352.0,3092673354393,0.0,0.0
2023-03-09 00:00:00+00:00,2980626.25,2985898.5,2750885.5,2776956.0,4140905164635,0.0,0.0
2023-03-10 00:00:00+00:00,2980626.25,2985937.5,2750885.5,2776956.0,4140905164635,0.0,0.0
2023-03-11 00:00:00+00:00,2777499.0,2776624.25,2685844.0,2725177.0,5342866897579,0.0,0.0
2023-03-12 00:00:00+00:00,2725262.5,2806885.75,2709167.5,2785271.0,4074186229172,0.0,0.0
2023-03-13 00:00:00+00:00,2784679.5,2994324.75,2760485.5,2991479.5,3951806063790,0.0,0.0
2023-03-14 00:00:00+00:00,2990461.25,3257084.0,2924600.25,3220516.25,6583614242704,0.0,0.0
2023-03-15 00:00:00+00:00,3221079.5,3560401.75,3210166.25,3326689.0,7343030267633,0.0,0.0
2023-03-16 00:00:00+00:00,3330029.75,3345536.25,3179664.25,3239732.75,5802142855676,0.0,0.0
2023-03-17 00:00:00+00:00,3239400.0,3361888.5,3225725.0,3341216.5,4516616596174,0.0,0.0
2023-03-18 00:00:00+00:00,3341527.75,3663684.0,3331582.5,3615708.25,6688531305717,0.0,0.0
2023-03-19 00:00:00+00:00,3618897.0,3655527.75,3511857.75,3555316.5,4709903789151,0.0,0.0
2023-03-20 00:00:00+00:00,3555794.25,3749167.0,3547647.75,3708974.5,4996167874788,0.0,0.0
2023-03-21 00:00:00+00:00,3709361.75,3737935.5,3598021.75,3648614.75,5883307234993,0.0,0.0
2023-03-22 00:00:00+00:00,3648766.75,3764625.25,3612662.75,3730573.25,4780052175656,0.0,0.0
2023-03-23 00:00:00+00:00,3728309.5,3793975.0,3511002.5,3582384.0,4379291478416,0.0,0.0
2023-03-24 00:00:00+00:00,3581665.25,3769405.75,3558601.25,3708303.75,3169930468724,0.0,0.0
2023-03-25 00:00:00+00:00,3707013.0,3709545.5,3535248.75,3594747.0,3396925658021,0.0,0.0
2023-03-26 00:00:00+00:00,3593969.5,3633780.5,3555907.0,3594932.25,1749827705232,0.0,0.0
2023-03-27 00:00:00+00:00,3595039.0,3684291.75,3588439.25,3663072.0,1815990762850,0.0,0.0
2023-03-28 00:00:00+00:00,3663037.75,3662277.25,3496731.0,3561567.0,2386928350396,0.0,0.0
2023-03-29 00:00:00+00:00,3560648.5,3591876.0,3493252.75,3573401.25,2330483922913,0.0,0.0
2023-03-30 00:00:00+00:00,3573257.25,3777957.25,3576358.5,3757618.0,2741812889082,0.0,0.0
2023-03-31 00:00:00+00:00,3757843.25,3866605.25,3670454.0,3734154.75,2988455919464,0.0,0.0
2023-04-01 00:00:00+00:00,3733981.5,3809760.0,3671723.5,3781232.5,2522902386426,0.0,0.0
2023-04-02 00:00:00+00:00,3780548.25,3824248.0,3757158.75,3772276.75,1444123929076,0.0,0.0
2023-04-03 00:00:00+00:00,3779156.0,3786606.5,3717687.75,3760446.25,1638186844726,0.0,0.0
2023-04-04 00:00:00+00:00,3758282.25,3795886.0,3612264.0,3677272.75,2587766035677,0.0,0.0
2023-04-05 00:00:00+00:00,3677941.5,3779429.25,3664411.25,3702315.25,2008946291681,0.0,0.0
2023-04-06 00:00:00+00:00,3702530.25,3786920.5,3650898.25,3689534.75,2232775545769,0.0,0.0
2023-04-07 00:00:00+00:00,3689173.75,3689587.25,3644641.75,3692710.75,1822092921220,0.0,0.0
2023-04-08 00:00:00+00:00,3692029.75,3702648.25,3665562.25,3690541.0,1435425037565,0.0,0.0
2023-04-09 00:00:00+00:00,3689834.5,3721465.75,3684928.0,3693439.5,1238722136868,0.0,0.0
2023-04-10 00:00:00+00:00,3694043.75,3767048.5,3677671.5,3742852.5,1608384512465,0.0,0.0
2023-04-11 00:00:00+00:00,3743246.0,3977803.5,3764193.25,3957864.75,2573674967187,0.0,0.0
2023-04-12 00:00:00+00:00,3957958.25,4080315.25,3948341.0,4039453.0,2688233012081,0.0,0.0
2023-04-13 00:00:00+00:00,4038988.5,4070785.0,3959888.5,4011154.75,2482353231172,0.0,0.0
2023-04-14 00:00:00+00:00,3978373.25,4051176.5,3976080.25,4028793.25,2317650578992,0.0,0.0
2023-04-15 00:00:00+00:00,4030184.25,4109523.5,4020284.25,4079413.5,3032224581543,0.0,0.0
2023-04-16 00:00:00+00:00,4080089.0,4094941.25,4047352.75,4057069.75,1597842813806,0.0,0.0
2023-04-17 00:00:00+00:00,4056732.5,4087872.5,4035570.25,4060635.75,1721857667132,0.0,0.0
2023-04-18 00:00:00+00:00,4060875.5,4061150.25,3936039.5,3958970.75,2402966775094,0.0,0.0
2023-04-19 00:00:00+00:00,3959514.75,4093151.75,3920608.0,4074545.75,2611207186653,0.0,0.0
2023-04-20 00:00:00+00:00,4074094.75,4077978.75,3862996.5,3882763.75,3310087178118,0.0,0.0
2023-04-21 00:00:00+00:00,3882898.75,3911553.75,3765908.25,3784902.25,2859562939948,0.0,0.0
2023-04-22 00:00:00+00:00,3785337.0,3802907.25,3646250.5,3659606.0,2785198431329,0.0,0.0
2023-04-23 00:00:00+00:00,3658128.25,3739465.5,3645205.0,3732134.5,1761013887600,0.0,0.0
2023-04-24 00:00:00+00:00,3731952.5,3732502.5,3676162.5,3696284.5,1712804515806,0.0,0.0
2023-04-25 00:00:00+00:00,3696330.75,3750300.0,3638347.25,3690804.0,2373789673982,0.0,0.0
2023-04-26 00:00:00+00:00,3689400.5,3795533.75,3647423.75,3784994.75,2371120455753,0.0,0.0
2023-04-27 00:00:00+00:00,3783986.75,4010351.25,3651297.5,3793227.5,4251193125632,0.0,0.0
2023-04-28 00:00:00+00:00,3793996.75,4002578.0,3790583.25,3943727.5,3633255223799,0.0,0.0
2023-04-29 00:00:00+00:00,3944694.5,3963902.5,3940130.75,3999343.25,2391469358556,0.0,0.0
2023-04-30 00:00:00+00:00,3998839.5,4014636.25,3965340.0,3987212.5,1453551637531,0.0,0.0
2023-05-01 00:00:00+00:00,3986807.25,4083120.5,3968881.5,3992173.25,1998513930928,0.0,0.0
2023-05-02 00:00:00+00:00,3986485.25,4008428.0,3805650.25,3863180.75,2565536764349,0.0,0.0
2023-05-03 00:00:00+00:00,3862576.5,3943211.75,3846669.25,3914097.5,2242638184229,0.0,0.0
2023-05-04 00:00:00+00:00,3914091.5,3934870.75,3808548.75,3902929.25,2573082005715,0.0,0.0
2023-05-05 00:00:00+00:00,3906292.75,3952263.25,3848438.75,3870183.0,2085996715567,0.0,0.0
2023-05-06 00:00:00+00:00,3870688.5,3994749.0,3870793.5,3982267.0,2418475966446,0.0,0.0
2023-05-07 00:00:00+00:00,3982870.5,4020795.25,3838611.75,3897353.5,2145745348912,0.0,0.0
2023-05-08 00:00:00+00:00,3896948.75,3931452.25,3846595.5,3846854.0,1527840419434,0.0,0.0
2023-05-09 00:00:00+00:00,3846243.0,3870532.25,3689380.75,3742230.25,2584011053897,0.0,0.0
2023-05-10 00:00:00+00:00,3742337.5,3762421.75,3700691.75,3742073.25,1911517428096,0.0,0.0
2023-05-11 00:00:00+00:00,3741513.25,3806765.25,3608713.25,3704100.5,2769990169213,0.0,0.0
2023-05-12 00:00:00+00:00,3704010.75,3702851.25,3599236.5,3631106.5,2249114859995,0.0,0.0
2023-05-13 00:00:00+00:00,3629341.25,3640099.0,3511637.0,3638643.5,2621724618061,0.0,0.0
2023-05-14 00:00:00+00:00,3639020.5,3669253.0,3625867.5,3635537.0,1357237557816,0.0,0.0
2023-05-15 00:00:00+00:00,3636201.5,3685337.75,3618879.0,3657705.75,1360213136447,0.0,0.0
2023-05-16 00:00:00+00:00,3657807.25,3762840.75,3639904.0,3699083.75,1960664562460,0.0,0.0
2023-05-17 00:00:00+00:00,3696202.75,3713040.5,3654314.0,3688610.25,1737059341653,0.0,0.0
2023-05-18 00:00:00+00:00,3688449.25,3780080.75,3655837.5,3770821.75,2083677518094,0.0,0.0
2023-05-19 00:00:00+00:00,3771213.75,3781605.25,3660014.75,3719700.5,2110328300131,0.0,0.0
2023-05-20 00:00:00+00:00,3718944.25,3731107.5,3672263.5,3709896.5,1553345660381,0.0,0.0
2023-05-21 00:00:00+00:00,3709719.0,3746461.5,3703432.75,3742933.5,971951214165,0.0,0.0
2023-05-22 00:00:00+00:00,3741393.25,3761742.5,3685296.5,3683874.75,1190708234785,0.0,0.0
2023-05-23 00:00:00+00:00,3683333.25,3746808.0,3653071.0,3722325.5,1532772451395,0.0,0.0
2023-05-24 00:00:00+00:00,3722974.75,3801348.0,3717661.0,3772233.25,1897802284226,0.0,0.0
2023-05-25 00:00:00+00:00,3772077.75,3772077.75,3628709.75,3669138.0,2270897173119,0.0,0.0
2023-05-26 00:00:00+00:00,3668391.75,3722839.25,3612913.75,3706894.0,1939274912102,0.0,0.0
2023-05-27 00:00:00+00:00,3706610.5,3775465.5,3680164.0,3758201.75,1787952802156,0.0,0.0
2023-05-28 00:00:00+00:00,3758327.25,3782056.0,3744396.75,3779168.25,1110051389691,0.0,0.0
2023-05-29 00:00:00+00:00,3779562.75,3968749.5,3769941.0,3956846.5,2049204669100,0.0,0.0
2023-05-30 00:00:00+00:00,3955429.75,4004347.0,3868288.5,3897630.75,2132609560780,0.0,0.0
2023-05-31 00:00:00+00:00,3897524.0,3932001.5,3856569.25,3871264.75,1851772433322,0.0,0.0
2023-06-01 00:00:00+00:00,3871010.5,3890771.25,3758121.75,3786739.0,2178079963845,0.0,0.0
2023-06-02 00:00:00+00:00,3786565.75,3807920.75,3719651.5,3719738.0,2035867997165,0.0,0.0
2023-06-03 00:00:00+00:00,3720373.75,3821039.0,3691125.0,3813443.75,2076422042155,0.0,0.0
2023-06-04 00:00:00+00:00,3813826.5,3823157.5,3772906.75,3789299.25,1173606110198,0.0,0.0
2023-06-05 00:00:00+00:00,3789298.0,3837311.5,3774337.25,3801408.5,1312163543966,0.0,0.0
2023-06-06 00:00:00+00:00,3801975.25,3801605.75,3549443.0,3591568.25,2999463086491,0.0,0.0
2023-06-07 00:00:00+00:00,3587666.0,3813091.25,3551715.0,3800840.75,3060018734116,0.0,0.0
2023-06-08 00:00:00+00:00,3800403.5,3811690.25,3664001.75,3686209.25,2732552767584,0.0,0.0
2023-06-09 00:00:00+00:00,3686440.75,3720298.75,3669837.75,3682491.25,1653804662931,0.0,0.0
2023-06-10 00:00:00+00:00,3682172.75,3727772.25,3667348.0,3691496.75,1535622976413,0.0,0.0
2023-06-11 00:00:00+00:00,3691690.0,3698560.25,3554828.5,3603533.75,2770187521872,0.0,0.0
2023-06-12 00:00:00+00:00,3603922.75,3650519.0,3578128.25,3615411.0,1495857463397,0.0,0.0
2023-06-13 00:00:00+00:00,3614591.0,3632534.0,3584518.5,3612374.0,1628603648814,0.0,0.0
2023-06-14 00:00:00+00:00,3612435.5,3675634.0,3601036.5,3632249.5,1982065925148,0.0,0.0
2023-06-15 00:00:00+00:00,3632464.0,3647362.5,3488351.75,3516927.0,1996900907138,0.0,0.0
2023-06-16 00:00:00+00:00,3516506.75,3609866.0,3499422.0,3587509.5,2221453348956,0.0,0.0
2023-06-17 00:00:00+00:00,3587353.5,3752701.75,3568772.0,3734156.25,2315406637157,0.0,0.0
2023-06-18 00:00:00+00:00,3734328.75,3796837.5,3712459.5,3760142.25,1572989644516,0.0,0.0
2023-06-19 00:00:00+00:00,3760111.25,3782755.25,3735037.75,3734949.0,1356587751753,0.0,0.0
2023-06-20 00:00:00+00:00,3734839.75,3829791.0,3734422.25,3810930.25,1820516881048,0.0,0.0
2023-06-21 00:00:00+00:00,3809601.25,4013277.5,3778237.0,4004867.25,3140255407983,0.0,0.0
2023-06-22 00:00:00+00:00,4002580.25,4362272.5,3999307.25,4255233.0,4725641322277,0.0,0.0
2023-06-23 00:00:00+00:00,4250788.5,4320602.0,4235339.5,4279288.5,2954666956280,0.0,0.0
2023-06-24 00:00:00+00:00,4277014.0,4514459.0,4266802.5,4410785.5,3465286843310,0.0,0.0
2023-06-25 00:00:00+00:00,4412692.0,4426402.0,4352542.5,4389694.5,1745581201039,0.0,0.0
2023-06-26 00:00:00+00:00,4389185.0,4460475.0,4353576.0,4375149.0,1823460320374,0.0,0.0
2023-06-27 00:00:00+00:00,4375186.5,4395004.0,4298897.0,4342802.5,2366170332774,0.0,0.0
2023-06-28 00:00:00+00:00,4343260.0,4458254.0,4338763.0,4415344.0,2363742799688,0.0,0.0
2023-06-29 00:00:00+00:00,4416552.0,4417519.0,4318990.5,4344151.5,2103978335268,0.0,0.0
2023-06-30 00:00:00+00:00,4344143.0,4458861.0,4336398.0,4407943.0,1908353274409,0.0,0.0
2023-07-01 00:00:00+00:00,4407364.5,4522696.0,4276332.0,4398932.0,3808609936595,0.0,0.0
2023-07-02 00:00:00+00:00,4398152.0,4422608.5,4377514.5,4415217.0,1311514727390,0.0,0.0
2023-07-03 00:00:00+00:00,4414811.5,4440315.5,4368157.0,4422259.5,1521238866983,0.0,0.0
2023-07-04 00:00:00+00:00,4422800.5,4541353.5,4429819.5,4505115.0,2208262489421,0.0,0.0
2023-07-05 00:00:00+00:00,4505176.5,4530093.5,4428851.5,4444860.0,1850123827942,0.0,0.0
2023-07-06 00:00:00+00:00,4445025.0,4462206.5,4359697.0,4409270.0,1803583275054,0.0,0.0
2023-07-07 00:00:00+00:00,4408256.0,4530326.5,4322894.0,4306178.5,3042066298737,0.0,0.0
2023-07-08 00:00:00+00:00,4305985.5,4327045.5,4284680.5,4311484.5,1901908999619,0.0,0.0
2023-07-09 00:00:00+00:00,4312146.0,4316663.0,4274842.0,4305024.5,1067195353859,0.0,0.0
2023-07-10 00:00:00+00:00,4304892.0,4323304.0,4277720.0,4288433.5,1123351336532,0.0,0.0
2023-07-11 00:00:00+00:00,4288602.5,4384367.5,4271017.5,4297866.5,2095373000119,0.0,0.0
2023-07-12 00:00:00+00:00,4298313.5,4326606.5,4278096.5,4289337.0,1702211400638,0.0,0.0
2023-07-13 00:00:00+00:00,4289518.5,4299883.0,4183338.25,4204090.5,2048073800962,0.0,0.0
2023-07-14 00:00:00+00:00,4203515.5,4389973.5,4191663.75,4345571.5,3270091388667,0.0,0.0
2023-07-15 00:00:00+00:00,4345388.5,4344565.5,4159604.25,4207181.0,2901206602310,0.0,0.0
2023-07-16 00:00:00+00:00,4206864.0,4217404.5,4197388.5,4201874.5,1111177528977,0.0,0.0
2023-07-17 00:00:00+00:00,4202105.0,4221534.5,4173284.0,4195630.5,1181268783361,0.0,0.0
2023-07-18 00:00:00+00:00,4195699.0,4203894.5,4117774.25,4184014.75,1837630579066,0.0,0.0
2023-07-19 00:00:00+00:00,4184178.75,4191276.5,4111889.25,4150530.0,1826512563182,0.0,0.0
2023-07-20 00:00:00+00:00,4151292.5,4205316.0,4159578.0,4176243.0,1693258067110,0.0,0.0
2023-07-21 00:00:00+00:00,4176428.25,4214541.0,4154984.5,4166540.0,2049593000435,0.0,0.0
2023-07-22 00:00:00+00:00,4168371.5,4259283.0,4159304.75,4240462.5,1555722359480,0.0,0.0
2023-07-23 00:00:00+00:00,4240455.5,4252511.0,4205779.5,4221047.0,1116276715946,0.0,0.0
2023-07-24 00:00:00+00:00,4223642.5,4300279.0,4216754.5,4264503.5,1306961707617,0.0,0.0
2023-07-25 00:00:00+00:00,4264095.5,4264694.5,4086072.0,4130379.0,2179481946902,0.0,0.0
2023-07-26 00:00:00+00:00,4130669.75,4143027.5,4110927.5,4118497.5,1446714054457,0.0,0.0
2023-07-27 00:00:00+00:00,4118267.5,4161729.25,4107982.0,4119724.5,1894268753859,0.0,0.0
2023-07-28 00:00:00+00:00,4119559.75,4141332.5,4058966.75,4056691.25,1495812906891,0.0,0.0
2023-07-29 00:00:00+00:00,4056896.0,4145935.75,4076696.25,4138265.0,1583431647048,0.0,0.0
2023-07-30 00:00:00+00:00,4138293.25,4149217.5,4130490.75,4143582.25,914870267697,0.0,0.0
2023-07-31 00:00:00+00:00,4143607.0,4155756.25,4098843.0,4120729.0,1221560455822,0.0,0.0
2023-08-01 00:00:00+00:00,4121152.0,4152921.25,4144030.25,4160280.75,1659093459949,0.0,0.0
2023-08-02 00:00:00+00:00,4160389.25,4242602.0,4109363.5,4242602.0,2612319222790,0.0,0.0
2023-08-03 00:00:00+00:00,4246664.0,4288722.0,4144028.75,4178944.75,2754141569614,0.0,0.0
2023-08-04 00:00:00+00:00,4180357.0,4180044.0,4144606.0,4161062.0,1822558891752,0.0,0.0
2023-08-05 00:00:00+00:00,4160449.25,4153467.0,4094889.0,4121397.75,1706253884715,0.0,0.0
2023-08-06 00:00:00+00:00,4121581.75,4125420.0,4104912.5,4116866.5,935351413160,0.0,0.0
2023-08-07 00:00:00+00:00,4117090.0,4132117.5,4105768.25,4120221.5,1031380846163,0.0,0.0
2023-08-08 00:00:00+00:00,4119747.0,4166959.0,4095085.75,4159394.75,1941130785531,0.0,0.0
2023-08-09 00:00:00+00:00,4159315.0,4325361.0,4172965.5,4263267.0,2516605147358,0.0,0.0
2023-08-10 00:00:00+00:00,4263439.0,4315327.0,4221431.5,4248406.5,2641398046117,0.0,0.0
2023-08-11 00:00:00+00:00,4248762.5,4279332.0,4245724.5,4263016.0,1718751355226,0.0,0.0
2023-08-12 00:00:00+00:00,4262336.5,4270003.0,4238992.5,4259876.0,1477330847537,0.0,0.0
2023-08-13 00:00:00+00:00,4260176.0,4269642.5,4254061.5,4262520.5,897593447113,0.0,0.0
2023-08-14 00:00:00+00:00,4262611.5,4266211.0,4241405.5,4241976.5,1061822343571,0.0,0.0
2023-08-15 00:00:00+00:00,4242027.0,4306787.5,4220723.5,4277678.5,2038397084687,0.0,0.0
2023-08-16 00:00:00+00:00,4277621.0,4274432.0,4236303.0,4247817.5,1840679002846,0.0,0.0
2023-08-17 00:00:00+00:00,4247632.0,4251111.0,4200152.5,4200152.5,2187642067124,0.0,0.0
2023-08-18 00:00:00+00:00,4199863.0,4211327.0,3705137.5,3884974.75,4534249336610,0.0,0.0
2023-08-19 00:00:00+00:00,3880826.5,3907991.25,3722729.75,3787996.25,3493775184913,0.0,0.0
2023-08-20 00:00:00+00:00,3787745.75,3817063.5,3752057.25,3794779.5,1545971401931,0.0,0.0
2023-08-21 00:00:00+00:00,3794875.0,3815808.25,3781417.5,3805634.75,1313114537374,0.0,0.0
2023-08-22 00:00:00+00:00,3805504.75,3833472.25,3782471.5,3820691.5,1955608727684,0.0,0.0
2023-08-23 00:00:00+00:00,3821657.75,3824918.5,3722172.75,3795077.0,2114468509328,0.0,0.0
2023-08-24 00:00:00+00:00,3796362.5,3880368.75,3749363.0,3824195.75,2457470716981,0.0,0.0
2023-08-25 00:00:00+00:00,3824178.5,3859653.25,3779821.5,3821149.75,1879953754918,0.0,0.0
2023-08-26 00:00:00+00:00,3821340.75,3827796.25,3779489.25,3814290.5,1816679216783,0.0,0.0
2023-08-27 00:00:00+00:00,3814227.0,3823034.75,3804949.25,3808549.25,883708473714,0.0,0.0
2023-08-28 00:00:00+00:00,3808517.0,3831526.25,3802199.0,3823392.5,1013198962436,0.0,0.0
2023-08-29 00:00:00+00:00,3823381.0,3839642.0,3790717.0,3823663.25,1611536861508,0.0,0.0
2023-08-30 00:00:00+00:00,3823126.75,4102766.25,3799653.25,4047742.0,4287300611489,0.0,0.0
2023-08-31 00:00:00+00:00,4047550.75,4053727.75,3947580.75,3987680.0,2387538359573,0.0,0.0
2023-09-01 00:00:00+00:00,3988361.5,4005489.25,3748429.0,3772779.0,2936140943900,0.0,0.0
2023-09-02 00:00:00+00:00,3773149.75,3792367.5,3705287.0,3772170.75,2515128428047,0.0,0.0
2023-09-03 00:00:00+00:00,3772198.0,3796961.25,3765207.0,3782123.5,1476717731106,0.0,0.0
2023-09-04 00:00:00+00:00,3782222.25,3814047.25,3774555.0,3797024.5,1310415523471,0.0,0.0
2023-09-05 00:00:00+00:00,3796820.0,3812062.5,3757862.5,3782603.0,1565161629677,0.0,0.0
2023-09-06 00:00:00+00:00,3782975.5,3817826.75,3755209.25,3802168.25,1636311063191,0.0,0.0
2023-09-07 00:00:00+00:00,3802750.75,3830795.0,3748864.25,3804152.25,1883772243701,0.0,0.0
2023-09-08 00:00:00+00:00,3803424.75,3889012.0,3774700.25,3866081.5,1633688334375,0.0,0.0
2023-09-09 00:00:00+00:00,3866820.25,3880762.75,3781588.5,3829246.0,1598968311714,0.0,0.0
2023-09-10 00:00:00+00:00,3829212.25,3831658.75,3815180.25,3827771.5,810220841423,0.0,0.0
2023-09-11 00:00:00+00:00,3827702.25,3823188.5,3790017.0,3800753.5,1162279013859,0.0,0.0
2023-09-12 00:00:00+00:00,3800678.5,3784563.0,3653161.25,3690743.75,2141462553247,0.0,0.0
2023-09-13 00:00:00+00:00,3690451.0,3890596.0,3685685.75,3801665.0,2745626992214,0.0,0.0
2023-09-14 00:00:00+00:00,3802284.75,3885039.5,3793288.5,3864328.25,1925963581786,0.0,0.0
2023-09-15 00:00:00+00:00,3864321.5,3948427.0,3850936.5,3913633.25,2036671356230,0.0,0.0
2023-09-16 00:00:00+00:00,3912769.75,3966354.5,3880068.0,3932099.75,1696417956115,0.0,0.0
2023-09-17 00:00:00+00:00,3931731.0,3953686.25,3912179.25,3926127.75,1093835192588,0.0,0.0
2023-09-18 00:00:00+00:00,3926075.5,3933474.5,3907921.0,3923517.5,1001678821996,0.0,0.0
2023-09-19 00:00:00+00:00,3923341.0,4049669.0,3904237.75,3949426.75,2305113016832,0.0,0.0
2023-09-20 00:00:00+00:00,3950396.75,4062646.75,3939899.25,4020769.25,2040251971113,0.0,0.0
2023-09-21 00:00:00+00:00,4020637.75,4045746.5,3978731.75,4025141.75,1970306772629,0.0,0.0
2023-09-22 00:00:00+00:00,4024820.25,4028925.75,3902364.0,3922730.0,1974303214522,0.0,0.0
2023-09-23 00:00:00+00:00,3922201.75,3964931.25,3911456.0,3941218.5,1568616561940,0.0,0.0
2023-09-24 00:00:00+00:00,3941068.25,3949317.0,3932462.75,3941192.0,1097968960623,0.0,0.0
2023-09-25 00:00:00+00:00,3941189.5,3961457.25,3891492.25,3897467.0,1216119238762,0.0,0.0
2023-09-26 00:00:00+00:00,3897014.25,3932828.25,3868295.75,3913858.0,1785571535485,0.0,0.0
2023-09-27 00:00:00+00:00,3913304.25,3928437.75,3885383.25,3907815.0,1488389580524,0.0,0.0
2023-09-28 00:00:00+00:00,3906659.75,4001338.25,3908468.5,3939618.0,1751847570049,0.0,0.0
2023-09-29 00:00:00+00:00,3940080.5,4067946.5,3933670.5,4035259.25,2102486109422,0.0,0.0
2023-09-30 00:00:00+00:00,4035751.25,4045478.75,3990412.75,4019938.75,1552967691489,0.0,0.0
2023-10-01 00:00:00+00:00,4019934.0,4046837.25,4016540.0,4028333.0,796344017654,0.0,0.0
2023-10-02 00:00:00+00:00,4028255.5,4193819.25,4027911.25,4184424.25,1421125525929,0.0,0.0
2023-10-03 00:00:00+00:00,4183384.75,4270141.5,4097792.5,4125903.75,2966286117001,0.0,0.0
2023-10-04 00:00:00+00:00,4122527.0,4143454.0,4048815.75,4092034.5,1701830268951,0.0,0.0
2023-10-05 00:00:00+00:00,4091899.5,4148774.75,4063428.25,4141778.5,1660227150030,0.0,0.0
2023-10-06 00:00:00+00:00,4141667.25,4174605.0,4061512.75,4070522.75,1763451484138,0.0,0.0
2023-10-07 00:00:00+00:00,4069960.0,4215985.0,4066380.0,4170331.0,2013402136358,0.0,0.0
2023-10-08 00:00:00+00:00,4170358.5,4182492.0,4158964.0,4173650.0,977878038127,0.0,0.0
2023-10-09 00:00:00+00:00,4174073.75,4193546.5,4139600.5,4166951.5,1180924661021,0.0,0.0
2023-10-10 00:00:00+00:00,4166859.5,4174356.75,4060855.0,4091625.0,1781157517060,0.0,0.0
2023-10-11 00:00:00+00:00,4092444.25,4126709.75,4060538.75,4071075.0,1482320071271,0.0,0.0
2023-10-12 00:00:00+00:00,4071232.0,4084489.75,3965852.5,4005032.75,2034027166182,0.0,0.0
2023-10-13 00:00:00+00:00,4005028.5,4018132.5,3977889.25,4007900.75,1406963883323,0.0,0.0
2023-10-14 00:00:00+00:00,4007313.75,4051983.5,3990491.25,4017536.75,2268124109075,0.0,0.0
2023-10-15 00:00:00+00:00,4018109.25,4033483.5,4010389.5,4017436.75,805846717107,0.0,0.0
2023-10-16 00:00:00+00:00,4016884.0,4081764.0,4010884.0,4062092.75,1061631931802,0.0,0.0
2023-10-17 00:00:00+00:00,4062537.75,4404887.0,4055217.5,4265949.0,4163398211181,0.0,0.0
2023-10-18 00:00:00+00:00,4266342.5,4285971.0,4204033.0,4255426.5,2227248990087,0.0,0.0
2023-10-19 00:00:00+00:00,4255094.5,4323861.5,4220427.0,4242791.0,1905717608221,0.0,0.0
2023-10-20 00:00:00+00:00,4243401.0,4326527.0,4221380.0,4302619.5,2164516574447,0.0,0.0
2023-10-21 00:00:00+00:00,4304568.0,4513759.0,4287333.0,4448140.0,3227297185024,0.0,0.0
2023-10-22 00:00:00+00:00,4448205.0,4538732.0,4417989.5,4483425.0,1729499193201,0.0,0.0
2023-10-23 00:00:00+00:00,4483461.5,4525537.5,4453739.0,4495635.0,1565776656163,0.0,0.0
2023-10-24 00:00:00+00:00,4517636.5,5144051.5,4510626.0,4955556.5,5745980770081,0.0,0.0
2023-10-25 00:00:00+00:00,4954219.5,5255504.5,4924732.5,5080362.0,6733798965835,0.0,0.0
2023-10-26 00:00:00+00:00,5082537.5,5268190.0,5052772.5,5178742.5,3790577166640,0.0,0.0
2023-10-27 00:00:00+00:00,5178962.5,5240164.0,5078596.0,5136078.5,2921234989929,0.0,0.0
2023-10-28 00:00:00+00:00,5136056.0,5142096.5,4995423.5,5075348.5,2457320330265,0.0,0.0
2023-10-29 00:00:00+00:00,5075038.0,5148626.5,5070111.0,5102256.0,1520717353558,0.0,0.0
2023-10-30 00:00:00+00:00,5102225.5,5196687.5,5081001.5,5171723.0,1671124593076,0.0,0.0
2023-10-31 00:00:00+00:00,5170714.0,5199488.5,5083780.0,5144302.5,2562262672988,0.0,0.0
2023-11-01 00:00:00+00:00,5143961.5,5264446.0,5124857.5,5245911.0,2384533659892,0.0,0.0
2023-11-02 00:00:00+00:00,5244321.5,5360951.5,5160859.5,5336065.0,3379911004811,0.0,0.0
2023-11-03 00:00:00+00:00,5336716.0,5395196.5,5177361.0,5258086.5,3160151316188,0.0,0.0
2023-11-04 00:00:00+00:00,5258723.5,5258723.5,5129338.0,5188141.5,2563044728872,0.0,0.0
2023-11-05 00:00:00+00:00,5188739.0,5266370.5,5170869.0,5240403.5,1428218475018,0.0,0.0
2023-11-06 00:00:00+00:00,5241571.0,5280218.0,5168251.0,5238231.5,1855121828384,0.0,0.0
2023-11-07 00:00:00+00:00,5237549.0,5280501.0,5198341.5,5254899.0,1903759478581,0.0,0.0
2023-11-08 00:00:00+00:00,5256462.0,5399870.5,5196589.0,5330597.5,2832684023120,0.0,0.0
2023-11-09 00:00:00+00:00,5326975.5,5430910.0,5303807.0,5378741.0,2609079504940,0.0,0.0
2023-11-10 00:00:00+00:00,5375476.5,5721896.5,5370207.5,5553577.5,5715455990334,0.0,0.0
2023-11-11 00:00:00+00:00,5554959.0,5681248.0,5504830.0,5653999.5,3441324452618,0.0,0.0
2023-11-12 00:00:00+00:00,5653408.5,5668110.0,5572130.0,5627343.0,2109875336243,0.0,0.0
2023-11-13 00:00:00+00:00,5626728.0,5640926.0,5572955.5,5612435.0,1748763214485,0.0,0.0
2023-11-14 00:00:00+00:00,5614826.0,5671089.5,5522593.5,5535288.5,2889948783769,0.0,0.0
2023-11-15 00:00:00+00:00,5533686.0,5575436.5,5261537.5,5347904.0,3590196284774,0.0,0.0
2023-11-16 00:00:00+00:00,5349480.0,5742418.0,5329169.0,5728092.0,4138107989715,0.0,0.0
2023-11-17 00:00:00+00:00,5728001.0,5737953.5,5352117.5,5448758.5,3919482022621,0.0,0.0
2023-11-18 00:00:00+00:00,5450274.0,5488605.0,5374059.0,5472485.0,3356317326272,0.0,0.0
2023-11-19 00:00:00+00:00,5476775.0,5508762.0,5418148.5,5470843.0,1777376407051,0.0,0.0
2023-11-20 00:00:00+00:00,5470852.5,5619802.0,5445257.0,5606472.5,1936876499918,0.0,0.0
2023-11-21 00:00:00+00:00,5559861.5,5570410.0,5492490.5,5492490.5,2914367832064,0.0,0.0
