,MACD_grad,Signal_grad,profit,SMA25,EMA50,Close,SMA_grad,EMA_grad,buy_index,sell_index
0,1558.7152638444677,167.60073783723783,680.754226017787,6949097.16,6944315.579385777,6977349.0,1074.9599999999627,1929.3055595839396,2021-10-29 14:00:00+00:00,2021-10-30 03:00:00+00:00
1,6538.280775572173,557.2394639863028,-1649.6367008813977,7029699.48,7018456.588200586,7108943.0,-188.1599999992177,4030.760163803585,2021-10-31 00:00:00+00:00,2021-10-31 04:00:00+00:00
2,7956.55140482448,940.2500526673684,-1441.9903713370732,6970976.72,6978069.896649831,7019519.5,-653.1800000006333,1755.2497011022642,2021-10-31 21:00:00+00:00,2021-11-01 04:00:00+00:00
3,1005.0561735350639,36.59476989806353,-269.0702154230821,6942081.26,6970479.71815198,6946551.0,-1589.4000000003725,-1001.9419295862317,2021-11-01 06:00:00+00:00,2021-11-01 17:00:00+00:00
4,3282.67503043171,425.2168551247255,2294.878714814229,7002033.14,6985799.686399075,7018268.5,3671.8799999998882,1338.173376952298,2021-11-02 06:00:00+00:00,2021-11-03 01:00:00+00:00
5,5081.47670692578,468.50881215254776,-1617.8134571178816,7027930.9,7057518.102522967,7019787.0,-4358.739999999292,-1541.02443645522,2021-11-05 02:00:00+00:00,2021-11-05 15:00:00+00:00
6,2190.160858882591,256.27179535637333,-1132.1580345522816,6978272.2,6999515.233117494,6948680.0,-5483.979999999516,-2075.373635380529,2021-11-06 04:00:00+00:00,2021-11-06 10:00:00+00:00
7,2071.799964572303,243.87447622328546,6848.830468440909,6914298.44,6954462.5057372255,6896771.0,-1090.7199999997392,-2355.0574732674286,2021-11-06 18:00:00+00:00,2021-11-08 14:00:00+00:00
8,6243.449597001076,273.38254105782835,450.45479485993565,7478505.58,7319102.041997014,7659950.5,19093.12000000011,13912.387739212252,2021-11-09 00:00:00+00:00,2021-11-09 09:00:00+00:00
9,13235.92696248833,319.31805278312277,-3168.774534204669,7561884.92,7521514.35182058,7712246.0,2752.320000000298,7784.991438847035,2021-11-10 13:00:00+00:00,2021-11-10 20:00:00+00:00
10,2090.500056042336,128.98881635788712,-1956.9702098479756,7460115.44,7478584.423999451,7416414.5,-14850.079999999143,-2537.550818852149,2021-11-11 16:00:00+00:00,2021-11-12 09:00:00+00:00
11,3672.293581046164,259.35740107540914,536.9615432991559,7331451.48,7369860.722753789,7287530.5,-4084.3199999993667,-3360.4184591928497,2021-11-12 21:00:00+00:00,2021-11-14 10:00:00+00:00
12,10486.265828919597,969.7487812163456,-881.0468818479567,7348079.74,7337777.551818162,7462415.5,5645.7599999997765,5087.263437693939,2021-11-14 23:00:00+00:00,2021-11-15 14:00:00+00:00
13,5004.986744210124,564.3760028390097,-2099.7367296189186,7058212.84,7159549.102729087,6945048.0,-15032.78000000026,-8755.147129246034,2021-11-16 17:00:00+00:00,2021-11-18 08:00:00+00:00
14,7290.07839896623,310.72740108713333,832.9538266627642,6582263.3,6690915.59958163,6511402.5,-11643.240000000224,-7327.065294160508,2021-11-19 09:00:00+00:00,2021-11-20 15:00:00+00:00
15,10926.36463890411,261.95596820270293,-1490.8874207138142,6654098.98,6657050.01243091,6784227.5,6669.9000000003725,5190.917860929854,2021-11-20 18:00:00+00:00,2021-11-21 04:00:00+00:00
16,6863.749244318344,240.42076239254675,-1935.3254716902593,6735411.86,6707178.275709574,6828035.5,10129.080000000075,4932.947930602357,2021-11-21 16:00:00+00:00,2021-11-21 23:00:00+00:00
17,8902.565273800865,611.1459052404825,-2734.7537556521565,6655451.76,6658779.161618454,6681455.5,-1410.839999999851,925.5648319292814,2021-11-22 14:00:00+00:00,2021-11-22 18:00:00+00:00
18,5391.185147428885,193.4748051332208,-1880.106550153083,6548606.58,6605844.766416275,6556873.5,-3272.0800000000745,-1998.8272007042542,2021-11-23 02:00:00+00:00,2021-11-23 07:00:00+00:00
19,2736.023967890069,86.87681290963519,-312.37591281329514,6533130.7,6579235.930744265,6504905.0,-2304.6399999996647,-3033.915540627204,2021-11-23 09:00:00+00:00,2021-11-24 03:00:00+00:00
20,3678.1157596530393,405.8015333008716,2612.5693362384627,6549041.44,6550203.766467253,6558904.0,-1279.5999999996275,355.11157276667655,2021-11-24 18:00:00+00:00,2021-11-26 00:00:00+00:00
21,7685.274305195548,209.67012399912346,4788.998570131807,6278301.42,6398149.035548576,6166630.0,-23058.959999999963,-9449.75655300729,2021-11-27 02:00:00+00:00,2021-11-29 14:00:00+00:00
22,9575.039037512615,913.8011989964725,-1367.7378663912677,6450909.54,6384171.888727258,6668372.0,21004.459999999963,11600.00454174541,2021-11-29 17:00:00+00:00,2021-11-29 23:00:00+00:00
23,9459.459065300412,1047.2925436768144,-3061.2409068411653,6505772.22,6481884.378934492,6611850.5,3510.5400000000373,5304.739635325968,2021-12-01 14:00:00+00:00,2021-12-01 20:00:00+00:00
24,2834.627602313645,352.77973897612173,-1286.2825480784377,6418865.74,6443970.6189343305,6425282.0,-2575.7999999998137,-762.8007728299126,2021-12-02 19:00:00+00:00,2021-12-03 15:00:00+00:00
25,15106.649029124528,333.01008866145276,-30.93341993019567,5677001.28,5899980.6502543865,5459718.0,-30557.859999999404,-17969.9040920157,2021-12-04 17:00:00+00:00,2021-12-06 08:00:00+00:00
26,7586.03556835372,923.8425493456671,4070.8589561362605,5502279.78,5572693.182435771,5548002.0,576.5200000004843,-1007.8033647257835,2021-12-06 15:00:00+00:00,2021-12-07 17:00:00+00:00
27,4228.054038943723,382.96427375558505,-1476.6380253057432,5717337.92,5710085.234208429,5756048.5,-2121.2199999997392,1876.051664961502,2021-12-08 18:00:00+00:00,2021-12-09 02:00:00+00:00
28,5509.050098698586,549.0957829691615,-1912.0501548938191,5539114.48,5591328.906943842,5507772.0,-6480.539999999106,-3410.4859977085143,2021-12-10 03:00:00+00:00,2021-12-10 22:00:00+00:00
29,4617.110238576308,432.11584635067265,1049.1324491037376,5467369.46,5510969.538268661,5471538.0,-1131.5,-1609.4505415782332,2021-12-11 02:00:00+00:00,2021-12-12 10:00:00+00:00
30,3255.432205340825,194.75237711653972,-1150.2566072950576,5549669.76,5536322.097146026,5615522.5,5534.5,3232.6695042438805,2021-12-12 12:00:00+00:00,2021-12-13 01:00:00+00:00
31,4345.491740711033,107.51376934489963,-27633.25769370247,5400557.12,5454444.070547836,5350183.5,-8370.019999999553,-4255.533491748385,2021-12-14 07:00:00+00:00,2021-12-14 21:00:00+00:00
32,26695.186966245994,801.0638456203596,-1591.55592492703,5295743.58,5359261.529519776,5479013.5,6988.280000000261,4887.835529805161,2021-12-15 00:00:00+00:00,2021-12-15 16:00:00+00:00
33,11043.012108224444,921.7603844229707,194.31974797144358,5377253.82,5407370.237752326,5562141.0,10451.300000000745,6317.173969292082,2021-12-15 19:00:00+00:00,2021-12-16 09:00:00+00:00
34,1111.7923085670918,120.54536062132684,-497.5137261677228,5521967.22,5487605.861988034,5616352.0,4012.7999999998137,5254.944408651441,2021-12-16 10:00:00+00:00,2021-12-16 12:00:00+00:00
35,5534.647314677015,615.9807079043239,580.9876475226993,5309254.16,5365828.762901588,5309599.5,-5461.139999999665,-2295.071955166757,2021-12-18 05:00:00+00:00,2021-12-19 16:00:00+00:00
36,5320.04345379211,678.8816512610865,2941.4495599813454,5276005.48,5301934.221307776,5296935.0,-2258.05999999959,-204.04984929785132,2021-12-20 19:00:00+00:00,2021-12-22 00:00:00+00:00
37,3470.832495164126,412.6015267508899,2754.761829420757,5552277.12,5536520.48007729,5588803.0,417.6000000005588,2133.9804050084203,2021-12-23 15:00:00+00:00,2021-12-24 11:00:00+00:00
38,3917.520544776693,189.16047964472455,1074.5054534025621,5751980.34,5757147.517957104,5755210.0,-1931.339999999851,-79.08236559573561,2021-12-26 16:00:00+00:00,2021-12-27 22:00:00+00:00
39,2754.5154931908473,146.75108093390008,-1592.8091976637952,5568712.06,5646357.301255613,5495297.0,-9198.38000000082,-6165.726581862196,2021-12-29 04:00:00+00:00,2021-12-30 00:00:00+00:00
40,3927.3015014119446,456.60310965261306,-3.8824807010096265,5436239.14,5503759.583028223,5407519.0,-3936.640000000596,-3928.18706237711,2021-12-30 06:00:00+00:00,2021-12-31 17:00:00+00:00
41,3199.573233976029,269.3737266900316,-273.1848794652615,5432199.58,5436046.731368199,5420394.5,-1052.2800000002608,-638.8665864560753,2022-01-01 06:00:00+00:00,2022-01-02 04:00:00+00:00
42,4059.9021564163268,309.1024644856848,-1043.9970563784736,5450803.66,5441969.721175497,5494131.0,2346.660000000149,2129.0317887552083,2022-01-02 16:00:00+00:00,2022-01-02 18:00:00+00:00
43,2538.2888907799497,86.38124273222093,-791.3574235408596,5430486.54,5432580.572093268,5449675.0,278.7599999997765,697.7317512948066,2022-01-03 11:00:00+00:00,2022-01-03 15:00:00+00:00
44,2806.231505604461,118.34717201603416,-14.363936489673506,5376097.62,5392291.559601282,5368914.0,-2410.9599999999627,-954.1861061742529,2022-01-04 06:00:00+00:00,2022-01-04 20:00:00+00:00
45,720.7378035997972,48.257922740394406,-410.3970193850182,5392056.12,5389407.319083789,5384588.0,626.9599999999627,-196.70690137986094,2022-01-05 07:00:00+00:00,2022-01-05 12:00:00+00:00
46,1144.5546636758372,135.23745635939736,-489.408660444009,5382130.62,5388615.891402848,5394660.0,-4266.860000000335,246.69831008743495,2022-01-05 15:00:00+00:00,2022-01-05 17:00:00+00:00
47,5044.766761180013,105.49215113325045,-1925.8473362591467,5097841.28,5182271.0327660665,4989424.5,-17054.599999999627,-7871.287051675841,2022-01-06 17:00:00+00:00,2022-01-07 05:00:00+00:00
48,7022.441825938411,821.9358459784999,-2414.065452041723,4947072.82,5076078.450948637,4920198.0,-2749.2199999997392,-6362.467385658994,2022-01-07 09:00:00+00:00,2022-01-08 18:00:00+00:00
49,6978.312796846032,671.4595439805889,-249.5955046361123,4820426.82,4878825.490984977,4855545.0,459.160000000149,-950.2241218360141,2022-01-08 22:00:00+00:00,2022-01-10 08:00:00+00:00
50,3767.1180953495204,373.29947715706294,-235.43547460348054,4808493.8,4822711.810821268,4819914.5,-2368.4000000003725,-114.17595188785344,2022-01-10 23:00:00+00:00,2022-01-11 14:00:00+00:00
51,7793.950539082289,851.7989554565102,-245.2285800086902,4826770.86,4833430.505588938,4930731.0,8982.44000000041,3971.4487514719367,2022-01-11 16:00:00+00:00,2022-01-12 07:00:00+00:00
52,1830.8273201920092,202.1084965437476,306.59291791491705,4906071.06,4883537.916689303,4963756.5,5949.040000000037,3274.227890232578,2022-01-12 11:00:00+00:00,2022-01-13 01:00:00+00:00
53,6410.4840321606025,589.0595757732044,22.460285154193116,4863369.14,4898570.089041374,4898079.0,-5902.5,-20.044450668618083,2022-01-14 15:00:00+00:00,2022-01-15 13:00:00+00:00
54,1601.7642337139696,149.1243954493957,-186.93162247565488,4915945.46,4909664.4119938575,4932858.0,5623.9199999999255,946.6770614748821,2022-01-15 14:00:00+00:00,2022-01-16 01:00:00+00:00
55,1716.3915441725403,114.0054171581196,-392.9226118189399,4935198.2,4925100.748196487,4952499.5,81.37999999988824,1118.3164001433179,2022-01-16 16:00:00+00:00,2022-01-16 18:00:00+00:00
56,698.0767990704626,77.64601889241749,-551.8465965710784,4860775.42,4878931.483084562,4838382.0,-2303.2999999998137,-1655.0809422275051,2022-01-18 05:00:00+00:00,2022-01-18 08:00:00+00:00
57,7148.783758107573,854.5337198966336,-1532.8811411640563,4810062.74,4838765.985266162,4859321.5,1013.6800000006333,839.0006013810635,2022-01-18 21:00:00+00:00,2022-01-19 07:00:00+00:00
58,4275.1388861835,254.2946414774433,-594.5625866183327,4793301.3,4819209.976641662,4823239.5,1060.7400000002235,164.47034115716815,2022-01-19 12:00:00+00:00,2022-01-19 23:00:00+00:00
59,1482.2267142320052,58.27230908286219,-1061.6861915091722,4788679.3,4808191.528579992,4798398.5,-2470.2199999997392,-399.7154522445053,2022-01-20 02:00:00+00:00,2022-01-20 22:00:00+00:00
60,6832.864829379134,452.4412427411444,-1194.0062222407942,4190581.3,4348793.589911617,4068037.25,-14321.46999999974,-11459.442445372231,2022-01-22 12:00:00+00:00,2022-01-24 08:00:00+00:00
61,17033.86475946009,2205.738344070327,767.0502432650392,3971513.72,4020333.7382329023,4112740.25,3593.9000000003725,3771.69435784081,2022-01-24 18:00:00+00:00,2022-01-25 22:00:00+00:00
62,5380.128561240155,509.399932282613,165.048252355562,4179170.86,4142654.40714061,4301536.0,6349.379999999888,6484.9629738531075,2022-01-26 04:00:00+00:00,2022-01-26 19:00:00+00:00
63,4597.479071946815,360.8129493081633,-882.3762537354414,4229649.04,4204591.1358346585,4244993.0,-3005.0400000000373,1649.0556802181527,2022-01-27 13:00:00+00:00,2022-01-27 19:00:00+00:00
64,4632.119411722757,37.79205740349062,-344.7149387636091,4185699.93,4202586.6989458585,4239084.5,2201.7000000001863,1489.7061654748395,2022-01-27 22:00:00+00:00,2022-01-28 11:00:00+00:00
65,2008.6731834998354,98.9313214222284,782.275085415502,4240538.99,4231116.323446546,4277125.5,1802.839999999851,1877.9255736107007,2022-01-28 16:00:00+00:00,2022-01-29 11:00:00+00:00
66,1940.4746875111014,210.34614423363018,-618.5215306197279,4327761.46,4296086.200299776,4393545.0,8043.519999999553,3977.91019184608,2022-01-29 13:00:00+00:00,2022-01-29 14:00:00+00:00
67,4281.952943206765,449.6940101083892,-758.0393823748309,4356332.06,4315392.850851525,4433087.0,3507.079999999143,4803.842822386883,2022-01-29 21:00:00+00:00,2022-01-30 01:00:00+00:00
68,2944.976991415024,324.7902020489164,691.4794618596206,4314683.18,4322821.704852336,4320050.0,-2435.5600000005215,-113.13081029988825,2022-01-31 14:00:00+00:00,2022-02-01 10:00:00+00:00
69,3175.339924013242,147.65350512770237,-826.4153278579251,4424532.58,4388166.316529379,4476426.5,5028.139999999665,3602.456468189135,2022-02-01 16:00:00+00:00,2022-02-01 19:00:00+00:00
70,2904.9630600539967,13.50020294591377,-835.5995996627244,4291989.22,4322763.175755472,4252613.0,-5617.5600000005215,-2863.2724798154086,2022-02-03 08:00:00+00:00,2022-02-03 10:00:00+00:00
71,1017.6580702597275,9.01837876989157,6356.800228998669,4268457.79,4310303.388718936,4217863.5,-7855.9000000003725,-3773.056682405062,2022-02-03 11:00:00+00:00,2022-02-05 10:00:00+00:00
72,2355.9492683848366,183.9023364455934,2190.0351712159827,4798111.42,4746183.082594955,4858691.0,3003.5800000000745,4592.159894083627,2022-02-07 01:00:00+00:00,2022-02-08 09:00:00+00:00
73,2730.440965021029,37.057725761163056,-308.4137842973869,5041381.38,5018314.9013563115,5085281.5,3057.519999999553,2733.3305568853393,2022-02-09 13:00:00+00:00,2022-02-10 03:00:00+00:00
74,4139.972521761432,324.0063779190732,-909.2042838922498,5100733.42,5069627.109169609,5165814.5,6167.979999999516,3926.015952261165,2022-02-10 10:00:00+00:00,2022-02-10 21:00:00+00:00
75,1700.2932412028313,146.2345584029208,-1419.6137444861743,5081579.6,5072543.595875151,5060026.5,-1166.7400000002235,-510.90187245514244,2022-02-11 14:00:00+00:00,2022-02-11 18:00:00+00:00
76,2702.3166587678716,312.8866639832704,-277.7847277246183,4938210.04,4977929.9827059405,4892020.5,-6341.4000000003725,-3506.5094982013106,2022-02-12 11:00:00+00:00,2022-02-13 19:00:00+00:00
77,780.5874985642731,96.11279783920509,2596.759841398074,4874593.26,4890134.245437219,4855533.5,-3198.5400000000373,-1412.2753239683807,2022-02-14 11:00:00+00:00,2022-02-15 20:00:00+00:00
78,5593.679806764238,666.0319626317214,-2143.4386588670313,4777321.26,4862451.37321773,4712494.0,-14021.400000000373,-6120.709110927768,2022-02-18 08:00:00+00:00,2022-02-20 05:00:00+00:00
79,965.8494686800987,59.03659188911115,-1101.5453429339832,4474420.9,4534102.631627086,4394502.5,-8559.819999999367,-5697.96455620788,2022-02-20 21:00:00+00:00,2022-02-21 12:00:00+00:00
80,4183.870660211891,269.4127823478084,-1366.4065139780141,4441430.04,4487004.442086998,4459302.0,1921.9400000004098,-1130.711921918206,2022-02-21 16:00:00+00:00,2022-02-21 18:00:00+00:00
81,8799.783519819379,665.5654622680668,102.66571723518427,4314430.96,4379536.025590986,4334306.5,-5905.700000000186,-1846.10308534652,2022-02-22 10:00:00+00:00,2022-02-23 18:00:00+00:00
82,9772.577822084073,333.94281672987563,3841.92955148872,4186144.52,4242161.110228067,4159057.5,-12167.340000000317,-3391.984090941958,2022-02-24 15:00:00+00:00,2022-02-25 19:00:00+00:00
83,4838.307460303418,411.2927336027926,-801.6525877558233,4508083.76,4486048.985191974,4561331.0,2035.6399999996647,3072.735298286192,2022-02-27 11:00:00+00:00,2022-02-27 18:00:00+00:00
84,4664.433991251513,171.9244707040889,6930.780010483766,4439503.88,4443928.37849098,4428409.0,-2283.94000000041,-633.444020039402,2022-02-28 08:00:00+00:00,2022-03-01 15:00:00+00:00
85,4373.98518164549,206.48415087391186,-1498.4492468445897,4866953.38,4904278.478747808,4822557.0,-7872.700000000186,-3335.5705611351877,2022-03-04 11:00:00+00:00,2022-03-04 14:00:00+00:00
86,4728.329790090211,139.13895934843458,-1267.0158655994019,4605609.32,4700047.888204113,4492354.0,-11452.879999999888,-8477.301559351385,2022-03-05 08:00:00+00:00,2022-03-06 10:00:00+00:00
87,4260.785175535828,399.4935654479559,-1242.4297126918027,4504120.3,4552181.050395193,4502456.5,123.63999999966472,-2029.5734855178744,2022-03-06 16:00:00+00:00,2022-03-07 00:00:00+00:00
88,2168.330894093029,3.6456493670557393,-878.1970633472447,4422358.4,4477095.803376583,4395737.0,-2568.0800000000745,-3320.7674847589806,2022-03-07 10:00:00+00:00,2022-03-07 20:00:00+00:00
89,3443.6096614161506,430.03894307479277,157.407840089174,4406538.56,4451621.121000815,4435570.0,1039.8999999994412,-655.1477959519252,2022-03-08 01:00:00+00:00,2022-03-08 21:00:00+00:00
90,2643.821542046033,215.39863087171216,3983.5525738348224,4469366.22,4465741.972991305,4513281.5,5022.660000000149,1940.3888574978337,2022-03-09 00:00:00+00:00,2022-03-09 20:00:00+00:00
91,3210.863857768476,268.7077419554553,-1589.5643928673962,4606186.62,4625741.39933328,4584500.5,-10831.399999999441,-1683.302013603039,2022-03-10 23:00:00+00:00,2022-03-11 02:00:00+00:00
92,2942.565659409389,71.93748913210584,257.2418536124751,4545126.6,4598839.12253341,4538175.5,-773.2000000001863,-2476.0662258528173,2022-03-11 06:00:00+00:00,2022-03-12 23:00:00+00:00
93,1071.9758755732328,28.76555754539413,-345.97760709077556,4585665.56,4584876.6989201475,4595690.5,242.19999999925494,441.3796359123662,2022-03-13 03:00:00+00:00,2022-03-13 09:00:00+00:00
94,4100.221106253564,256.2631415462747,416.3549514977858,4537501.68,4550500.633553395,4550887.5,-1727.7800000002608,15.790467208251357,2022-03-14 06:00:00+00:00,2022-03-15 05:00:00+00:00
95,3821.504856063053,357.7739262706177,2624.6076915527083,4591727.78,4580881.449510707,4634005.0,1574.980000000447,2168.308183236979,2022-03-15 16:00:00+00:00,2022-03-17 06:00:00+00:00
96,7033.721491363831,906.8296447568146,446.0313161385493,4837579.66,4818511.611782969,4931430.5,3690.2800000002608,4608.934212939814,2022-03-18 16:00:00+00:00,2022-03-19 08:00:00+00:00
97,2906.097022946924,47.84828667404145,2350.381919662177,4920790.9,4930659.872974694,4922264.5,-2875.05999999959,-342.66828468069434,2022-03-21 09:00:00+00:00,2022-03-22 19:00:00+00:00
98,4568.422744393349,441.03811284925723,1761.4963604360237,5118931.96,5094204.251411539,5193418.0,1693.339999999851,4049.5407587131485,2022-03-23 23:00:00+00:00,2022-03-25 03:00:00+00:00
99,5525.617344569415,618.3796851622901,-1215.1986855925352,5369582.06,5292202.424132331,5490666.0,11212.379999999888,8100.554117048159,2022-03-25 13:00:00+00:00,2022-03-25 16:00:00+00:00
100,1436.6559472978115,104.8597024447663,-202.3117642352081,5423260.22,5392878.069749601,5455972.5,2291.0800000000745,2575.2828673627228,2022-03-27 01:00:00+00:00,2022-03-27 09:00:00+00:00
101,1914.4566653287038,131.35800446899702,4460.086433362179,5443618.94,5419833.7661848795,5481773.5,3269.9000000003725,2528.1524006174877,2022-03-27 16:00:00+00:00,2022-03-28 17:00:00+00:00
102,4616.428046476096,51.18219079124901,-980.0257955059351,5784566.26,5780685.093247147,5807948.5,-711.1000000005588,1112.7921123616397,2022-03-30 17:00:00+00:00,2022-03-30 19:00:00+00:00
103,2717.3564699906856,178.39497586818834,-1290.7477955235663,5760054.7,5772312.106236733,5772353.0,-2980.8199999993667,1.6691331947222352,2022-03-31 00:00:00+00:00,2022-03-31 14:00:00+00:00
104,3614.839335703291,82.06435406481614,1648.1781279296847,5585799.18,5638712.124374442,5524059.5,-10130.22000000067,-4679.698954058811,2022-04-01 09:00:00+00:00,2022-04-02 15:00:00+00:00
105,802.2880485570058,25.675100461331112,-548.7859180568194,5672058.72,5664859.268004859,5668986.0,-1449.0400000000373,168.4380406178534,2022-04-03 08:00:00+00:00,2022-04-04 00:00:00+00:00
106,6261.03327321168,589.5070699604639,-670.5610239355883,5654173.52,5658495.080895426,5708790.0,802.2599999997765,2052.8538410030305,2022-04-04 21:00:00+00:00,2022-04-05 14:00:00+00:00
107,3578.063377931714,174.05437478069507,-545.4923786363433,5448874.64,5514063.858486114,5381220.0,-10124.620000000112,-5422.198305555619,2022-04-07 07:00:00+00:00,2022-04-08 18:00:00+00:00
108,1130.4650380481035,43.6084634067156,-321.8201082986925,5321184.06,5357638.064112042,5278620.0,-5212.300000000745,-3225.227106613107,2022-04-09 10:00:00+00:00,2022-04-10 23:00:00+00:00
109,4835.608247608878,94.84931681823218,1811.772138603068,5090391.34,5152801.870354854,5019421.0,-10610.640000000596,-5444.117157340981,2022-04-12 06:00:00+00:00,2022-04-14 08:00:00+00:00
110,2622.857688468881,89.32497729411989,300.48526732146274,5084887.52,5088530.143089491,5077895.0,-3814.4000000003725,-434.08747304044664,2022-04-15 05:00:00+00:00,2022-04-16 08:00:00+00:00
111,367.33270494360477,48.779061104112884,-381.8592297336145,5107858.72,5102529.472881281,5109763.5,-779.0800000000745,295.2664130087942,2022-04-17 01:00:00+00:00,2022-04-17 02:00:00+00:00
112,885.316740706563,106.15111294918844,-520.0203162154139,5101965.54,5102212.713886549,5113453.5,295.5200000004843,458.80759646743536,2022-04-17 09:00:00+00:00,2022-04-17 17:00:00+00:00
113,2530.2441638391465,116.67755848804518,4635.948599359894,5011211.26,5036215.07417945,4977442.0,-5161.220000000671,-2398.9009869163856,2022-04-18 15:00:00+00:00,2022-04-20 01:00:00+00:00
114,662.2016607262194,81.65258067314608,-383.736428641947,5318923.24,5283478.203515391,5341380.5,1217.7200000006706,2363.359040187672,2022-04-21 04:00:00+00:00,2022-04-21 05:00:00+00:00
115,2402.266292968765,282.987306594443,-674.596647603903,5321097.88,5291755.764383607,5368637.5,1931.4599999999627,3138.03002515994,2022-04-21 08:00:00+00:00,2022-04-21 18:00:00+00:00
116,1685.2287629637867,84.76692651426129,-440.80714572774014,5147787.46,5197464.875855519,5091641.0,-4445.179999999702,-4319.341871654615,2022-04-23 01:00:00+00:00,2022-04-24 17:00:00+00:00
117,1405.7711067693308,170.81805636674835,-1300.164280206518,5097838.0,5115280.974678759,5103952.0,161.44000000040978,-462.40712974593043,2022-04-24 19:00:00+00:00,2022-04-25 00:00:00+00:00
118,6911.68853807915,723.2469645521887,1029.9384181364876,5018302.5,5048873.226831271,5046687.0,-1995.1399999996647,-89.23374821525067,2022-04-25 16:00:00+00:00,2022-04-26 12:00:00+00:00
119,7803.238419712521,838.7346574794428,2989.558531679053,4974927.02,5005867.161727355,4977910.5,-8115.720000000671,-1141.0882337698713,2022-04-27 07:00:00+00:00,2022-04-28 23:00:00+00:00
120,2324.174014926888,121.116737532353,-1900.6773496822861,5046491.44,5068839.85678175,5027581.0,-5494.379999999888,-1684.034970683977,2022-04-30 05:00:00+00:00,2022-04-30 23:00:00+00:00
121,856.1311864024028,6.1486527698616555,1223.6460821676737,4969587.32,4999562.795546215,4931218.5,-3720.679999999702,-2789.563083519228,2022-05-01 07:00:00+00:00,2022-05-02 16:00:00+00:00
122,2550.936776092276,279.0193217259548,2409.1377204222226,4962261.6,4974398.064613349,4957828.5,-2278.5800000000745,-676.3087597284466,2022-05-04 05:00:00+00:00,2022-05-05 07:00:00+00:00
123,4168.571597509086,185.33922034781426,-2168.0182513617474,4752155.68,4862102.698231172,4710107.0,-15355.700000000186,-6203.906050251797,2022-05-06 14:00:00+00:00,2022-05-07 22:00:00+00:00
124,2885.1398690696806,51.413331804287736,-2139.032549327865,4548225.82,4614678.114760212,4507003.5,-7243.5800000000745,-4394.882235110737,2022-05-08 18:00:00+00:00,2022-05-09 02:00:00+00:00
125,12894.267019954976,1245.6049351466936,-4721.096358654475,4179178.14,4296084.048164991,4148862.75,-10466.790000000037,-6009.032578162849,2022-05-10 05:00:00+00:00,2022-05-11 17:00:00+00:00
126,3899.3352367971092,318.14230080947164,4735.884147377823,3742615.61,3860603.7663224977,3608900.0,-9218.820000000298,-10273.623115204275,2022-05-12 13:00:00+00:00,2022-05-13 19:00:00+00:00
127,1631.032559197396,3.307460260755761,2134.419940026404,3800741.07,3818690.781205307,3791009.0,-4026.8300000000745,-1129.8686206247658,2022-05-14 19:00:00+00:00,2022-05-16 04:00:00+00:00
128,3725.241524694953,345.44196988816475,46.914104166513425,3868868.16,3867944.2158401767,3893567.75,-6351.8499999996275,1045.85853713518,2022-05-17 00:00:00+00:00,2022-05-17 16:00:00+00:00
129,1680.2719993055798,186.33649412107115,-842.6453525708785,3919462.46,3900316.130470224,3944710.0,3700.9699999997392,1811.9946746849455,2022-05-18 00:00:00+00:00,2022-05-18 01:00:00+00:00
130,3435.6999124363065,282.60809427050117,527.7153111866064,3776476.06,3812467.7590952814,3750432.25,-3922.399999999907,-2532.0615957262926,2022-05-19 04:00:00+00:00,2022-05-20 14:00:00+00:00
131,2738.5267910715193,97.96682113861971,1329.0837379916338,3774373.31,3784454.6621607216,3762168.5,-2609.9699999997392,-909.6392718665302,2022-05-21 07:00:00+00:00,2022-05-23 04:00:00+00:00
132,954.3270994857885,39.266926759428316,42.89865239711071,3829073.44,3811046.547661086,3868376.5,4934.040000000037,2339.998054649681,2022-05-23 05:00:00+00:00,2022-05-23 13:00:00+00:00
133,2582.5373771036975,265.0621984026184,543.6437306214211,3726545.93,3764008.877771218,3726525.25,-4022.929999999702,-1529.9439906617627,2022-05-24 19:00:00+00:00,2022-05-25 23:00:00+00:00
134,749.145107679069,52.739947204911005,-384.4702768888237,3783173.76,3774706.775651567,3792052.75,1320.9099999996834,707.9989529969171,2022-05-26 00:00:00+00:00,2022-05-26 01:00:00+00:00
135,1150.8746525305323,109.03989029424338,-608.4835502158385,3784897.27,3775665.0162781286,3798583.0,1073.5699999998324,935.427907015197,2022-05-26 02:00:00+00:00,2022-05-26 06:00:00+00:00
136,3735.492754591629,7.460838993582001,-1344.1113899398479,3753952.6,3755381.40918374,3765105.75,55.37999999988824,396.91187005117536,2022-05-26 17:00:00+00:00,2022-05-27 00:00:00+00:00
137,3267.5199254215695,60.45114497785471,-1155.9831514182588,3705046.72,3723022.955407731,3710070.25,732.3300000000745,-528.6818533767946,2022-05-27 12:00:00+00:00,2022-05-27 16:00:00+00:00
138,1639.9022410647012,54.84303455396366,-537.646888745774,3674379.33,3700853.57112776,3664416.0,-3581.339999999851,-1487.2478011329658,2022-05-27 22:00:00+00:00,2022-05-27 23:00:00+00:00
139,1512.270362015348,189.58530303556472,6672.8503656541725,3667704.92,3696949.0552778747,3660964.0,-2344.339999999851,-1468.777766443789,2022-05-28 00:00:00+00:00,2022-05-31 07:00:00+00:00
140,2457.9245334132574,88.53540320456523,-234.62246150283318,3933576.81,3953993.7835069345,3889948.25,-8233.350000000093,-2614.10340844607,2022-06-02 10:00:00+00:00,2022-06-03 10:00:00+00:00
141,946.7195676458068,123.1291246894325,-429.61562683554075,3906546.61,3914387.856226011,3886086.5,-2892.899999999907,-1155.15739697963,2022-06-04 00:00:00+00:00,2022-06-04 03:00:00+00:00
142,1537.718747815583,197.75019384720326,-259.1081458312401,3892651.2,3908349.6680480097,3887333.0,-2928.5099999997765,-857.8231856334023,2022-06-04 04:00:00+00:00,2022-06-05 09:00:00+00:00
143,1095.9620418241248,24.020730533319465,4438.1719337541,3891119.68,3893870.7700559627,3898908.75,1055.8300000000745,205.6318344506435,2022-06-05 14:00:00+00:00,2022-06-06 22:00:00+00:00
144,4909.366440753918,298.277013445997,1314.4267450131883,3989070.48,3984324.2735499763,3999931.75,-5131.799999999814,637.0398551030084,2022-06-07 18:00:00+00:00,2022-06-08 10:00:00+00:00
145,3345.8566460311413,50.562354587025766,-1134.5985296534927,4065279.88,4041992.279491598,4127052.5,8380.020000000019,3471.845735036768,2022-06-08 13:00:00+00:00,2022-06-08 14:00:00+00:00
146,1932.2685403344221,173.40289353352637,-1547.0881671709794,3962848.27,3986978.6491516302,3934546.75,-3472.25,-2140.0775163928047,2022-06-11 03:00:00+00:00,2022-06-11 11:00:00+00:00
147,1072.287402626127,48.32866720431775,-713.0181679492671,3876429.07,3913141.0483047673,3829742.75,-3196.630000000354,-3404.012175704818,2022-06-12 00:00:00+00:00,2022-06-12 01:00:00+00:00
148,5869.343081082217,297.6855150817282,-2700.6396498920512,3759885.36,3822970.083090401,3740977.0,-5003.209999999963,-3346.6564526692964,2022-06-12 14:00:00+00:00,2022-06-12 23:00:00+00:00
149,13854.106861509383,864.2705266299308,-6287.893392181133,3127706.46,3326331.896577066,3069663.25,-15432.200000000186,-10476.271288859658,2022-06-14 05:00:00+00:00,2022-06-15 07:00:00+00:00
150,9128.21607933985,843.3011166448705,-1949.1376573435846,2921566.4,3028144.1677748053,2904636.0,-3271.1400000001304,-5041.14970509382,2022-06-15 13:00:00+00:00,2022-06-16 09:00:00+00:00
151,5121.57334137056,677.6840091842241,-773.2881713192401,2792023.19,2857654.3792611132,2786121.0,-7448.0,-2919.729765759781,2022-06-17 05:00:00+00:00,2022-06-18 05:00:00+00:00
152,5446.503145630006,388.3015571828364,3937.9889640165784,2605590.33,2671087.755137341,2560064.0,-8185.959999999963,-4531.581842340063,2022-06-19 00:00:00+00:00,2022-06-20 17:00:00+00:00
153,4053.719708034303,395.21504648803966,190.0890810251003,2769985.24,2732153.8950724863,2851828.25,6042.530000000261,4884.667548061814,2022-06-21 06:00:00+00:00,2022-06-21 19:00:00+00:00
154,1791.2167074200697,206.00974928167489,-682.7467052251086,2761751.9,2775171.842930287,2764442.5,-907.4500000001863,-437.9323645015247,2022-06-23 02:00:00+00:00,2022-06-23 16:00:00+00:00
155,4522.721415271983,495.10529166701417,617.1422111694337,2760235.9,2771469.6249695364,2812376.5,2198.310000000056,1669.66836859053,2022-06-23 19:00:00+00:00,2022-06-24 17:00:00+00:00
156,954.6829961747862,95.37759202252346,147.9426083816943,2836095.15,2813620.3011514824,2866492.0,4451.14000000013,2158.0285244290717,2022-06-24 19:00:00+00:00,2022-06-25 04:00:00+00:00
157,1532.9408577750437,95.4311277593406,-516.6511638742377,2860514.23,2838627.5924130357,2905336.25,4136.850000000093,2722.8023504884914,2022-06-25 07:00:00+00:00,2022-06-25 11:00:00+00:00
158,1803.1394911385141,92.08519507976416,-297.90017597651604,2876235.64,2856044.5046393434,2904625.0,805.3000000002794,1982.877361659892,2022-06-25 23:00:00+00:00,2022-06-26 09:00:00+00:00
159,2558.2246276964433,270.46630991659913,-1011.2109918212009,2883855.34,2872605.7670750218,2934071.0,1486.0400000000373,2508.785017346032,2022-06-26 11:00:00+00:00,2022-06-26 13:00:00+00:00
160,2359.815803135745,160.31278722492152,-1704.0958869726892,2876345.75,2870420.1000507274,2890831.75,-5.359999999869615,833.1285693580285,2022-06-27 08:00:00+00:00,2022-06-27 13:00:00+00:00
161,2218.073975631967,119.4978851198266,-1185.4186019304325,2832493.39,2841528.0012281057,2827749.5,-1235.5099999997765,-562.3878052285872,2022-06-28 06:00:00+00:00,2022-06-28 18:00:00+00:00
162,2149.8054587980732,277.8293403252537,-2270.9425937417473,2762485.4,2789126.4683530843,2755636.0,-4602.810000000056,-1366.957891962491,2022-06-29 14:00:00+00:00,2022-06-30 06:00:00+00:00
163,10331.71311137965,675.2969769365664,-1732.9220293323888,2638021.5,2680254.6902926797,2683747.5,-3064.5200000000186,142.56366152362898,2022-06-30 23:00:00+00:00,2022-07-01 12:00:00+00:00
164,2042.7658038772643,205.01349632947858,-950.7099732473216,2626383.87,2667742.8433850715,2643600.25,1061.1100000003353,-985.4119749004021,2022-07-01 13:00:00+00:00,2022-07-02 01:00:00+00:00
165,449.4197884858586,36.20121942220794,-619.6857558233023,2608111.29,2630559.624365093,2594345.25,249.35000000009313,-1478.137729187496,2022-07-02 11:00:00+00:00,2022-07-03 04:00:00+00:00
166,1074.462264613714,135.6475673535906,-179.4533214998446,2590605.05,2601639.9370593647,2588386.25,-774.1900000004098,-540.9668187499046,2022-07-03 17:00:00+00:00,2022-07-04 04:00:00+00:00
167,2857.628813049756,313.3175900435788,1578.4656658135937,2592133.42,2600290.988745721,2626469.25,2176.9199999999255,1068.5004593580961,2022-07-04 09:00:00+00:00,2022-07-05 08:00:00+00:00
168,6272.028548698872,281.8469194259542,-1992.266938106397,2714396.54,2678943.3197053894,2782198.25,3701.8199999998324,4214.486950800754,2022-07-05 20:00:00+00:00,2022-07-06 02:00:00+00:00
169,1482.0797742228024,75.90629236288078,111.64350631665002,2725525.65,2705482.4458404165,2751061.25,4140.770000000019,1860.3593534524553,2022-07-06 16:00:00+00:00,2022-07-07 05:00:00+00:00
170,737.9262822237797,52.676318871441254,-295.3789302562436,2760264.93,2740068.7206692416,2794345.0,2642.939999999944,2215.358340030536,2022-07-07 09:00:00+00:00,2022-07-07 10:00:00+00:00
171,3997.0655489410274,325.4646002984009,1636.648158905431,2773906.45,2749777.377118628,2841548.75,4448.0800000000745,3745.770321688615,2022-07-07 14:00:00+00:00,2022-07-08 08:00:00+00:00
172,1579.3328259326518,55.24417137847195,-1443.740357989438,2838241.72,2863243.23953528,2819267.75,-3328.55999999959,-1794.9179402156733,2022-07-11 10:00:00+00:00,2022-07-11 22:00:00+00:00
173,1897.6864645429887,39.385155634030525,-1257.953964091379,2750974.08,2783364.504416948,2719334.5,-3260.939999999944,-2613.469568038825,2022-07-12 14:00:00+00:00,2022-07-12 20:00:00+00:00
174,1939.1518260664307,31.097230907093035,1300.0636393570312,2699102.78,2742135.8258400685,2675221.25,-2015.4200000003912,-2731.2071771458723,2022-07-13 02:00:00+00:00,2022-07-14 11:00:00+00:00
175,4636.151386048645,348.9750824495168,507.94563105876296,2753474.36,2745107.7184172105,2828834.0,5675.659999999683,3417.399248276837,2022-07-14 15:00:00+00:00,2022-07-15 06:00:00+00:00
176,1308.1703683882952,143.69543899202836,-20.80266999075684,2823106.39,2798196.859367551,2889232.5,4476.840000000317,3715.740433977451,2022-07-15 07:00:00+00:00,2022-07-15 13:00:00+00:00
177,6720.69280614052,722.0148668006213,-173.40028858171718,2881500.29,2860360.326547986,2966582.75,3269.0200000000186,4335.609120490029,2022-07-16 16:00:00+00:00,2022-07-17 12:00:00+00:00
178,7132.625383046921,710.811276278061,-639.8510975433674,2936205.85,2917708.3015948255,3012982.5,2702.399999999907,3888.742792048026,2022-07-18 05:00:00+00:00,2022-07-18 19:00:00+00:00
179,4483.23684276687,143.01366426239656,2220.5183596019706,3037576.53,3008905.299900915,3099816.25,1419.779999999795,3710.6510244524106,2022-07-19 14:00:00+00:00,2022-07-20 08:00:00+00:00
180,2369.1904294905253,247.5888556543432,-1226.404515885879,3238465.71,3158563.498250307,3329095.0,10873.350000000093,6960.469459171407,2022-07-20 14:00:00+00:00,2022-07-20 17:00:00+00:00
181,2721.588433260098,316.4937191882218,-707.2790379283906,3174653.64,3174884.4771416234,3188488.5,-1313.2700000000186,555.2662391173653,2022-07-21 21:00:00+00:00,2022-07-22 16:00:00+00:00
182,3648.133297251072,312.7858807933444,-317.8559688223322,3066802.43,3099035.5434854184,3061769.0,-1392.2599999997765,-1521.083407567814,2022-07-23 22:00:00+00:00,2022-07-25 00:00:00+00:00
183,3786.322208962869,398.5756823031261,-2082.1286706426545,3014568.75,3038117.211299595,3029802.25,-2524.560000000056,-339.38617549370974,2022-07-25 20:00:00+00:00,2022-07-25 23:00:00+00:00
184,1404.880698192399,70.4918741943111,4528.0592209323,2904385.06,2948691.071282038,2861210.0,-5600.469999999739,-3570.6559706954286,2022-07-26 17:00:00+00:00,2022-07-28 10:00:00+00:00
185,3874.550112611614,473.58740470397606,-398.4809227800142,3119083.89,3053689.5441859355,3220349.5,10424.209999999963,6802.447176084388,2022-07-28 17:00:00+00:00,2022-07-29 01:00:00+00:00
186,4314.157177037094,286.2520689391531,-1008.6019600704385,3182913.58,3162760.6948903464,3239524.25,2870.2299999999814,3133.206331006717,2022-07-30 12:00:00+00:00,2022-07-30 21:00:00+00:00
187,1741.7889067400247,154.69387291526527,-1255.3447786926117,3167114.69,3173125.964360697,3182057.0,-3422.6200000001118,364.53206691052765,2022-07-31 19:00:00+00:00,2022-07-31 22:00:00+00:00
188,3204.4103868850507,171.84801939887257,-1088.9526187888623,3071077.52,3103107.180903495,3067739.25,-1744.6299999998882,-1443.5890164691955,2022-08-01 23:00:00+00:00,2022-08-02 01:00:00+00:00
189,1842.4476460944861,155.17702917356655,1281.9087719019662,3025242.45,3061918.7962832404,3000129.25,-1837.4099999996834,-2522.0222972752526,2022-08-02 11:00:00+00:00,2022-08-03 22:00:00+00:00
190,5069.895278831013,253.57609866500934,911.6691898945282,3047294.44,3056975.716251616,3072574.75,-1042.3300000000745,636.6952550360002,2022-08-05 02:00:00+00:00,2022-08-06 08:00:00+00:00
191,1430.6370202875696,39.745525009203675,1734.4063007125005,3115357.61,3109587.0625757347,3125733.5,-143.49000000022352,659.0382622145116,2022-08-07 13:00:00+00:00,2022-08-08 19:00:00+00:00
192,2607.634134321939,98.94555016039158,1929.8773871847225,3122960.71,3143764.301157607,3121063.0,-3796.6400000001304,-926.5837207185104,2022-08-10 08:00:00+00:00,2022-08-11 16:00:00+00:00
193,2662.7911470877007,336.8472025688434,570.7788649078575,3198688.03,3199000.80665004,3228086.5,-385.60000000009313,1187.171157141216,2022-08-12 18:00:00+00:00,2022-08-13 12:00:00+00:00
194,2712.4730035974644,295.72577407021527,-753.8063520935539,3272870.26,3256651.190962336,3319226.0,1011.4599999999627,2554.073838272132,2022-08-14 07:00:00+00:00,2022-08-14 11:00:00+00:00
195,4967.189988087863,229.104561697985,-1889.9506246259407,3271105.67,3260681.1785466205,3317711.25,1526.9599999999627,2327.758018505294,2022-08-15 02:00:00+00:00,2022-08-15 07:00:00+00:00
196,1195.9960139505565,82.06700422659196,-235.67461410805117,3231126.03,3236579.182251803,3218154.75,-1051.3900000001304,-752.0176429306157,2022-08-16 01:00:00+00:00,2022-08-17 11:00:00+00:00
197,1125.7299383636564,42.43450819958343,-731.0993925751754,3181831.01,3192262.6660278873,3168107.75,-2430.0500000002794,-985.9149399138987,2022-08-18 05:00:00+00:00,2022-08-19 00:00:00+00:00
198,2742.6978415036574,198.06226878867892,753.9884901682235,2950238.77,3022118.5003149533,2894780.75,-8404.259999999776,-5197.4591965288855,2022-08-20 03:00:00+00:00,2022-08-22 05:00:00+00:00
199,961.6079878844321,14.107125642634173,-314.5023207541599,2930529.98,2931905.7394982036,2932700.75,1.8100000000558794,32.44940823642537,2022-08-22 16:00:00+00:00,2022-08-22 17:00:00+00:00
200,2623.4917236729525,34.77457735837788,-1095.630466515926,2919999.51,2926473.4616452716,2940908.75,-592.0100000002421,589.1954430500045,2022-08-22 23:00:00+00:00,2022-08-23 05:00:00+00:00
201,2731.6125987721607,203.14085821633034,-751.9244766096817,2914747.91,2923843.2306464156,2944884.75,2038.2800000002608,858.8375246361829,2022-08-23 08:00:00+00:00,2022-08-24 01:00:00+00:00
202,1613.3376400028355,27.824198643813816,88.3445296823993,2927337.81,2925962.2885294897,2939835.75,-320.29000000003725,566.2637334903702,2022-08-24 12:00:00+00:00,2022-08-25 01:00:00+00:00
203,389.2357812882401,33.22272740907829,-273.050076312109,2948983.92,2942034.7220943524,2962224.75,2051.410000000149,824.0827716588974,2022-08-25 08:00:00+00:00,2022-08-25 15:00:00+00:00
204,2877.3736651083454,99.13859707063102,-1052.5365082005883,2944342.52,2943714.99657743,2971153.5,374.8599999998696,1119.9389152070507,2022-08-26 13:00:00+00:00,2022-08-26 14:00:00+00:00
205,1352.0992823648266,122.41367596397322,-1085.6961836466871,2821958.42,2858330.94320496,2779459.5,-5027.910000000149,-3219.242579794023,2022-08-27 12:00:00+00:00,2022-08-29 01:00:00+00:00
206,548.9053874942474,12.234494115107736,1444.7236072141022,2748072.82,2771790.138491955,2736719.0,-809.6400000001304,-1431.475040487945,2022-08-29 02:00:00+00:00,2022-08-30 12:00:00+00:00
207,3980.030012555886,150.84539534537907,-700.1075989357851,2789698.82,2782857.607036711,2817837.75,885.1499999999069,1427.760937276762,2022-08-31 02:00:00+00:00,2022-08-31 16:00:00+00:00
208,3055.6934814234264,134.34036485321758,-625.0771872045661,2788548.17,2788699.277504154,2812312.75,6.149999999906868,963.8152039120905,2022-09-01 20:00:00+00:00,2022-09-02 17:00:00+00:00
209,692.169679433573,90.06166768902676,-85.94518265660008,2782618.51,2790079.7292924034,2779559.5,-707.3400000003166,-429.3971139760688,2022-09-04 00:00:00+00:00,2022-09-05 06:00:00+00:00
210,1032.6776292105205,13.532527707740087,-325.1274398566675,2783049.24,2782281.414561852,2790760.75,983.8800000003539,346.0953240063973,2022-09-05 15:00:00+00:00,2022-09-05 19:00:00+00:00
211,392.75332175334916,23.243857957724003,-976.5728554128145,2781802.12,2781853.2941880804,2784410.75,-33.83999999985099,104.38595150690526,2022-09-05 23:00:00+00:00,2022-09-06 17:00:00+00:00
212,1730.1845340915024,229.9514601404444,774.7839706875966,2735316.66,2749370.3528847974,2717368.75,-4304.409999999683,-1306.1878728484735,2022-09-07 11:00:00+00:00,2022-09-08 12:00:00+00:00
213,57.966737137176096,5.961138089270207,-180.71154993170785,2763451.11,2759426.2860607924,2773096.5,2095.5200000000186,557.9679158860818,2022-09-08 13:00:00+00:00,2022-09-08 16:00:00+00:00
214,1208.4331247857772,102.96266599421506,4184.167790905201,2774037.83,2763106.164259522,2790825.0,2087.0300000002608,1131.381050631404,2022-09-08 20:00:00+00:00,2022-09-10 01:00:00+00:00
215,4597.312921164092,334.74019214439795,566.0672469622659,3081615.1,3051707.8485542457,3152217.5,3172.0200000000186,4102.434752888046,2022-09-12 01:00:00+00:00,2022-09-12 23:00:00+00:00
216,2071.5347373830155,118.38458765533142,-1497.8988489424519,2974753.78,3023679.533776659,2916651.5,-10697.55000000028,-4368.491174557712,2022-09-14 10:00:00+00:00,2022-09-15 18:00:00+00:00
217,403.47449484141544,29.46320152248518,-517.5037004519618,2873410.61,2910016.208875844,2845496.0,-653.4399999999441,-2633.4779132995754,2022-09-15 20:00:00+00:00,2022-09-15 22:00:00+00:00
218,888.1481149131432,40.36406883881864,-753.1742491826881,2859815.72,2892843.955180684,2833670.0,-1980.6899999999441,-2415.263476762455,2022-09-16 02:00:00+00:00,2022-09-16 16:00:00+00:00
219,1937.4095658031292,92.79649607184547,683.804547306856,2823880.73,2854388.1728472332,2821412.25,-846.4199999999255,-1345.956034581177,2022-09-16 20:00:00+00:00,2022-09-18 04:00:00+00:00
220,115.75626344094053,12.29854954621078,-86.52972797503753,2855727.92,2855651.069242749,2868932.75,733.5600000000559,542.1094186631963,2022-09-18 05:00:00+00:00,2022-09-18 06:00:00+00:00
221,7118.536835892592,888.3693133692723,-348.68216292952275,2744960.08,2777330.254909862,2766451.5,-3620.029999999795,-444.03081264719367,2022-09-19 14:00:00+00:00,2022-09-20 12:00:00+00:00
222,1354.0282155857421,123.93271008269767,-542.9253060098199,2742233.58,2752527.904276171,2740606.0,-1134.5499999998137,-486.6083378032781,2022-09-21 05:00:00+00:00,2022-09-21 06:00:00+00:00
223,102.74074882036075,6.1335166716671665,-215.2059959690523,2737475.56,2749923.9769961885,2723237.0,-2236.410000000149,-1089.264367191121,2022-09-21 07:00:00+00:00,2022-09-21 08:00:00+00:00
224,1154.3378800861537,98.80822561323475,-1286.065019243768,2733308.59,2747938.5122137056,2733591.0,-1686.6500000003725,-585.6127434168011,2022-09-21 09:00:00+00:00,2022-09-21 21:00:00+00:00
225,4294.975887514651,298.2422253768582,-1266.2974427058798,2732613.99,2736231.966089289,2759503.75,1823.9900000002235,949.8687310493551,2022-09-22 07:00:00+00:00,2022-09-22 14:00:00+00:00
226,1727.6482858909294,214.23039221869385,-232.43430941498082,2712854.6,2728617.747664026,2728829.0,-3252.149999999907,8.622544325422496,2022-09-22 18:00:00+00:00,2022-09-23 09:00:00+00:00
227,5301.164728691336,444.4727162330537,-884.6451175561524,2723588.21,2722739.0308103925,2765035.75,1246.7000000001863,1726.396701616235,2022-09-23 22:00:00+00:00,2022-09-24 21:00:00+00:00
228,711.1675792732276,76.39792430976769,-435.600007793284,2730338.66,2729197.1594648585,2736473.75,483.70000000018626,297.00369531149045,2022-09-25 08:00:00+00:00,2022-09-25 14:00:00+00:00
229,4508.205533473752,571.7092073058461,54.29277401592117,2720120.2,2722731.3892985014,2767762.0,1198.1000000000931,1837.9841102655046,2022-09-26 08:00:00+00:00,2022-09-27 16:00:00+00:00
230,3659.946287227329,185.54982774323798,214.2116264701399,2762438.9,2772129.869839445,2766592.25,-6846.25,-226.02529956959188,2022-09-28 13:00:00+00:00,2022-09-29 12:00:00+00:00
231,433.4388768300414,15.17199678848283,-22.903499770487542,2804489.87,2796042.2107213587,2809705.5,-701.2900000000373,557.685276679229,2022-09-29 22:00:00+00:00,2022-09-30 06:00:00+00:00
232,886.9607989871874,111.33086768291014,-269.5068303029111,2805673.99,2801879.828573745,2825145.25,728.1400000001304,949.6090378067456,2022-09-30 07:00:00+00:00,2022-09-30 11:00:00+00:00
233,5368.2872413150035,394.38228229580636,-1231.8573471277414,2811827.95,2806545.334979111,2881261.75,5118.979999999981,3049.6495926892385,2022-09-30 14:00:00+00:00,2022-09-30 21:00:00+00:00
234,98.35417193593457,9.504293227398193,-442.7666989698555,2797685.75,2802586.9700937504,2791706.25,-910.0299999997951,-444.11102423490956,2022-10-02 00:00:00+00:00,2022-10-02 10:00:00+00:00
235,914.82264864631,62.88735772731434,-482.0953791610518,2786595.25,2792280.605734785,2786775.25,-268.85000000009313,-224.70839733816683,2022-10-02 19:00:00+00:00,2022-10-02 23:00:00+00:00
236,1051.22027569497,1.5947546254656118,2015.1044293075465,2782278.72,2788461.690118046,2783499.0,-328.2899999995716,-202.55878032837063,2022-10-03 01:00:00+00:00,2022-10-05 01:00:00+00:00
237,1748.092969655525,159.10045323522536,-492.40416867470776,2910525.95,2891811.1660290477,2943251.5,1594.9200000003912,2099.6054682023823,2022-10-06 01:00:00+00:00,2022-10-06 08:00:00+00:00
238,1169.921774201095,1.149504336370228,-464.9372911384489,2863975.2,2874822.1481198655,2847473.5,-2091.4699999997392,-1116.2713518314995,2022-10-08 01:00:00+00:00,2022-10-10 06:00:00+00:00
239,637.8202733267099,82.72277611649406,-292.5286827692689,2809825.07,2818340.106379987,2807628.75,-965.7299999999814,-437.1982195917517,2022-10-12 18:00:00+00:00,2022-10-13 07:00:00+00:00
240,4251.593681140337,304.9725962342618,1062.1446521101097,2789492.39,2797353.9796229196,2814656.25,315.20999999996275,706.2151174317114,2022-10-13 17:00:00+00:00,2022-10-14 14:00:00+00:00
241,328.7828641636297,37.25804291799432,980.3219527899782,2846837.65,2849318.064595301,2844680.0,-379.59000000031665,-189.3087589922361,2022-10-16 02:00:00+00:00,2022-10-18 03:00:00+00:00
242,544.3475484554656,39.44676172813706,-165.0590314773217,2903748.77,2887144.290066058,2928054.0,2643.399999999907,1669.7840789360926,2022-10-18 07:00:00+00:00,2022-10-18 08:00:00+00:00
243,1511.6219291025773,34.70167505955396,-657.8453247326688,2878346.28,2883300.7896277444,2887726.0,-436.2299999999814,180.6208315207623,2022-10-19 15:00:00+00:00,2022-10-20 00:00:00+00:00
244,648.8573929560371,33.943884571651324,-242.9627425694489,2870812.61,2876715.09166666,2870305.0,-313.3100000000559,-261.6363945575431,2022-10-20 05:00:00+00:00,2022-10-20 20:00:00+00:00
245,125.08494575833902,16.660033708397805,-256.5007240175546,2869423.31,2871513.778827262,2865641.0,-408.910000000149,-239.70525825535879,2022-10-21 05:00:00+00:00,2022-10-21 14:00:00+00:00
246,623.515066572465,68.16084087567651,-88.04054745942994,2840384.92,2849482.5385495536,2831783.75,-1330.5800000000745,-722.3995326347649,2022-10-22 07:00:00+00:00,2022-10-23 12:00:00+00:00
247,25.502054574433714,2.6047645352903146,824.1010662211338,2834557.12,2838498.7757183816,2831285.0,-133.27000000001863,-294.4398252395913,2022-10-23 13:00:00+00:00,2022-10-24 12:00:00+00:00
248,3318.5878900527023,323.97126106842757,1600.8784000528904,2879557.98,2875468.090783672,2921643.75,2249.2700000000186,1884.7207843400538,2022-10-25 15:00:00+00:00,2022-10-26 18:00:00+00:00
249,1221.7679636105895,160.4097945312442,1317.1427367904398,2985361.41,2987487.452877531,2984665.0,-1331.5699999998324,-115.20215826667845,2022-10-28 12:00:00+00:00,2022-10-29 19:00:00+00:00
250,2765.916656737216,138.57129114604413,-727.0178831295634,3047920.01,3048133.507289045,3073567.25,396.73999999975786,1038.11194738606,2022-10-31 09:00:00+00:00,2022-10-31 16:00:00+00:00
251,526.4239651057869,55.28480716012973,-421.18205975249293,3045079.16,3046604.27414915,3046912.5,226.8300000000745,12.580646973568946,2022-11-01 02:00:00+00:00,2022-11-01 11:00:00+00:00
252,778.3604023391381,37.5179413827409,-279.2152632320867,3035324.49,3038788.8536333595,3035163.5,160.48000000044703,-147.9736176878214,2022-11-01 20:00:00+00:00,2022-11-02 01:00:00+00:00
253,271.08571933582425,19.753311824518278,-174.20787222073704,3031004.99,3035879.2758278,3027290.5,-784.8799999998882,-350.56227868562564,2022-11-02 03:00:00+00:00,2022-11-02 06:00:00+00:00
254,1195.646321282722,131.62187137912224,1834.4526010275295,3000305.22,3011495.185967453,2998685.25,-1144.2099999999627,-522.8545292839408,2022-11-03 04:00:00+00:00,2022-11-05 10:00:00+00:00
255,1459.6060736877844,130.895015878099,-723.1593534782878,3061359.16,3073389.6859889203,3051287.0,-2297.2199999997392,-902.1504485271871,2022-11-07 20:00:00+00:00,2022-11-07 22:00:00+00:00
256,6008.088060040493,365.8865548721078,214.7830669381874,2499625.94,2621412.14028647,2401610.75,-10558.75,-8971.485317815095,2022-11-10 04:00:00+00:00,2022-11-11 11:00:00+00:00
257,1235.404997152742,133.47546798945405,-974.4325243078783,2381069.3,2430887.662491994,2342730.0,-3806.5800000000745,-3598.271938448772,2022-11-12 03:00:00+00:00,2022-11-13 09:00:00+00:00
258,7538.908032857347,540.7897821820734,-1388.6082160301667,2287012.59,2313843.3994059986,2342547.75,857.1299999998882,1171.606146694161,2022-11-14 07:00:00+00:00,2022-11-14 20:00:00+00:00
259,1205.6307734888978,69.3822391865425,162.65431024487043,2303869.45,2318005.976154014,2326016.25,1734.4300000001676,326.94995289761573,2022-11-15 00:00:00+00:00,2022-11-15 19:00:00+00:00
260,1530.9967761212029,110.43536000623772,-574.531823555466,2350355.92,2339832.532912281,2375811.0,956.6299999998882,1468.5088607231155,2022-11-16 03:00:00+00:00,2022-11-16 07:00:00+00:00
261,1356.250373931136,132.01499027346654,-522.792845112308,2329129.69,2329037.9636203144,2329610.0,-445.8300000000745,23.348423660732806,2022-11-17 01:00:00+00:00,2022-11-17 04:00:00+00:00
262,251.08714161394164,20.981542470695786,518.7142353026429,2316432.64,2325176.8476921543,2312200.75,-1731.6299999998882,-529.6366404960863,2022-11-17 07:00:00+00:00,2022-11-18 09:00:00+00:00
263,185.4721589833498,18.90649860493545,-137.28480560566823,2334824.58,2335582.629528451,2336931.75,-447.8900000001304,55.06614169571549,2022-11-19 13:00:00+00:00,2022-11-20 08:00:00+00:00
264,1346.975326122716,43.94616307667275,-1025.0158435959893,2294243.92,2306648.757823347,2282436.75,-2082.7099999999627,-988.2452172795311,2022-11-21 11:00:00+00:00,2022-11-21 19:00:00+00:00
265,997.2257312382571,20.048538676321186,1338.495746589666,2249038.99,2266920.9203859074,2233867.25,-1942.779999999795,-1349.1294035064057,2022-11-22 12:00:00+00:00,2022-11-23 14:00:00+00:00
266,867.3551721507683,7.182153499395099,122.07985077077319,2290688.81,2295016.3545827726,2295022.75,-219.77000000001863,0.26103743771091104,2022-11-25 10:00:00+00:00,2022-11-26 14:00:00+00:00
267,422.93280194327235,20.160202416602942,-264.5011157016197,2301069.54,2299601.254031111,2302207.75,-469.54999999981374,106.3875905671157,2022-11-27 05:00:00+00:00,2022-11-28 00:00:00+00:00
268,1505.3360599898733,74.20463711440607,1662.773696927361,2263132.12,2272888.6372921895,2253485.75,-2121.239999999758,-791.95458335476,2022-11-28 16:00:00+00:00,2022-11-30 17:00:00+00:00
269,796.7010697941296,94.19497266655162,-298.4079614006114,2290259.42,2301794.267242512,2284639.0,-1653.0100000002421,-700.2149894903414,2022-12-02 16:00:00+00:00,2022-12-03 23:00:00+00:00
270,281.6239821361378,14.105182014208822,999.0363845623942,2280796.15,2286359.1372895194,2277285.25,-687.820000000298,-370.36274651112035,2022-12-04 00:00:00+00:00,2022-12-05 16:00:00+00:00
271,992.7657959652133,106.83986038836929,-723.8019899780702,2325689.29,2321148.498907436,2339184.25,786.6800000001676,736.1531058191322,2022-12-06 23:00:00+00:00,2022-12-07 07:00:00+00:00
272,1000.0245009581558,77.6970440109535,621.5576654899924,2309408.29,2312295.690084597,2308780.0,-1071.5099999997765,-143.49755447357893,2022-12-08 02:00:00+00:00,2022-12-09 10:00:00+00:00
273,122.4628391279839,9.607422631403551,-84.60616501856566,2342945.12,2338737.6982973595,2348062.75,17.360000000335276,380.6143552097492,2022-12-10 16:00:00+00:00,2022-12-10 17:00:00+00:00
274,49.542518958449364,4.843516694679238,-71.99328513206274,2343196.32,2339368.9421806843,2347805.75,142.089999999851,344.35950282914564,2022-12-10 18:00:00+00:00,2022-12-10 19:00:00+00:00
275,115.0339664472267,11.398528977709589,-200.54277410520444,2344610.73,2342849.5881638513,2347312.0,-19.75,182.13925861846656,2022-12-11 19:00:00+00:00,2022-12-11 20:00:00+00:00
276,606.7231583413668,33.97078957830763,1615.6351169528134,2330333.56,2333070.4337121486,2326947.0,-719.7599999997765,-249.93606988340616,2022-12-12 13:00:00+00:00,2022-12-14 03:00:00+00:00
277,1192.4742520549335,48.7051947193595,-679.412046699661,2409480.42,2391449.8913150104,2437473.25,1067.3900000001304,1878.5044361222535,2022-12-14 15:00:00+00:00,2022-12-14 20:00:00+00:00
278,1249.8622607858852,61.48335346530439,-380.1515513283375,2313490.6,2340076.659699324,2288060.75,-4136.449999999721,-2123.098355074413,2022-12-17 06:00:00+00:00,2022-12-19 07:00:00+00:00
279,486.2334240367636,48.698359866090414,-282.1762367922129,2281757.42,2290374.5002584714,2282029.25,-376.839999999851,-340.6224595294334,2022-12-19 09:00:00+00:00,2022-12-19 18:00:00+00:00
280,2373.5904336827807,92.69348046466393,-1311.6721521100262,2276142.9,2282518.906599148,2295894.25,540.4499999997206,545.9323837081902,2022-12-20 02:00:00+00:00,2022-12-20 03:00:00+00:00
281,951.7899430701509,28.932326712201757,-356.60103377707856,2235743.67,2251588.1988126505,2224439.5,-2107.689999999944,-1108.110155618284,2022-12-20 21:00:00+00:00,2022-12-22 14:00:00+00:00
282,1184.6035241684876,32.416368564548065,168.51892614032113,2218063.82,2223452.85065069,2224237.0,135.00999999977648,32.00609588995576,2022-12-22 21:00:00+00:00,2022-12-23 21:00:00+00:00
283,197.60150610096753,17.301186804009603,-143.00772101277107,2234480.0,2234119.67387168,2235666.25,-20.299999999813735,63.12555625801906,2022-12-25 23:00:00+00:00,2022-12-26 00:00:00+00:00
284,360.8594400174916,39.2843569752572,-54.30218290990888,2234025.86,2234091.612741926,2237596.5,-27.53000000026077,143.05662277853116,2022-12-26 02:00:00+00:00,2022-12-26 18:00:00+00:00
285,400.88817801559344,10.435597535726629,-129.3608797355555,2239079.82,2237498.011303588,2245209.25,404.54000000003725,314.74443658813834,2022-12-26 23:00:00+00:00,2022-12-27 14:00:00+00:00
286,95.51242781057954,12.683064128964816,-159.82025930255622,2234583.02,2235850.5568078943,2232227.0,-632.2200000002049,-147.90027787303552,2022-12-28 10:00:00+00:00,2022-12-28 12:00:00+00:00
287,882.829796556849,89.64268976445965,-371.1753263094579,2232428.88,2235324.614760627,2240936.75,-213.95999999996275,229.06674446444958,2022-12-28 14:00:00+00:00,2022-12-28 21:00:00+00:00
288,483.26091415574774,18.066824017078943,-220.21916460770444,2223526.91,2226948.3523952793,2220919.75,-452.29000000003725,-246.06540388893336,2022-12-29 11:00:00+00:00,2022-12-29 18:00:00+00:00
289,272.33009198727086,16.71531195269472,-213.71792099387676,2214652.37,2221243.4888781575,2212202.25,-312.2599999997765,-369.0301582920365,2022-12-29 23:00:00+00:00,2022-12-30 00:00:00+00:00
290,630.4094544718973,82.81624843955615,195.88340920860355,2184462.43,2196082.114530658,2175049.25,-1305.869999999646,-858.4842665572651,2022-12-30 22:00:00+00:00,2023-01-02 21:00:00+00:00
291,782.6772925974801,61.61772084480509,-257.5318556535567,2181811.12,2179788.807821464,2188106.5,-23.679999999701977,339.4976399401203,2023-01-03 10:00:00+00:00,2023-01-03 16:00:00+00:00
292,320.33707622718066,41.44887721530277,720.0594942091411,2178816.89,2180138.319214713,2183946.0,-137.5299999997951,155.41554225655273,2023-01-03 22:00:00+00:00,2023-01-05 02:00:00+00:00
293,765.1202813233249,32.590879508925354,-42.054789101144706,2230411.6,2215420.955356102,2248441.0,1929.3799999998882,1347.7569242403843,2023-01-05 14:00:00+00:00,2023-01-05 21:00:00+00:00
294,71.30317849013954,0.8953663604222584,-46.64454334706534,2236327.97,2236488.563735155,2237069.5,505.4900000002235,23.71168427914381,2023-01-07 17:00:00+00:00,2023-01-08 13:00:00+00:00
295,195.2005146741867,22.286149941426146,-139.70757440070884,2237952.47,2237411.7145262407,2240137.0,133.79000000003725,111.23614178597927,2023-01-08 14:00:00+00:00,2023-01-08 18:00:00+00:00
296,152.5817007087171,18.57857350466904,485.85902655575774,2238315.59,2237729.719458393,2240226.5,70.56000000005588,101.90940986154601,2023-01-08 20:00:00+00:00,2023-01-09 20:00:00+00:00
297,288.88234268920496,13.09115279039679,512.0621974920068,2274804.73,2266939.6258729137,2282500.5,-35.87000000011176,635.1377194728702,2023-01-10 13:00:00+00:00,2023-01-11 09:00:00+00:00
298,705.7220035847276,40.05145036920021,719.7042578095788,2310367.16,2297635.5103322035,2326307.0,587.25,1170.2648843997158,2023-01-11 21:00:00+00:00,2023-01-12 13:00:00+00:00
299,3047.1558787287213,1.5543971812767268,-20.99931400339119,2372473.28,2346084.7134220037,2427774.25,4976.379999999888,3334.266799101606,2023-01-12 18:00:00+00:00,2023-01-13 05:00:00+00:00
300,1457.441822223831,13.111947722838522,3581.378422737129,2435717.4,2402268.8116267533,2468824.0,1761.4199999999255,2716.538300948683,2023-01-13 18:00:00+00:00,2023-01-14 13:00:00+00:00
301,1439.1336304983124,152.19495915589687,-521.6154760653517,2663225.73,2635177.3338900907,2703734.25,1848.3700000001118,2798.241473874077,2023-01-16 02:00:00+00:00,2023-01-16 08:00:00+00:00
302,2627.3831781446934,273.3729499361616,-450.5783301266274,2687033.46,2662329.3117620684,2731709.0,2170.0,2831.8240097113885,2023-01-16 18:00:00+00:00,2023-01-17 01:00:00+00:00
303,3615.7548343930393,225.897539958386,-733.0862699160498,2727715.16,2710125.02534008,2780099.25,2882.6500000003725,2856.090802445542,2023-01-18 02:00:00+00:00,2023-01-18 10:00:00+00:00
304,800.2484058812261,57.1412857018895,5582.730953099257,2683750.19,2696016.5981017607,2668817.5,-2794.5300000002608,-1110.16726945946,2023-01-19 11:00:00+00:00,2023-01-21 20:00:00+00:00
305,2437.2527549448423,258.4997931157918,167.18924057472032,2951240.26,2935997.1865013563,2981906.0,826.6599999996834,1873.829122393392,2023-01-23 10:00:00+00:00,2023-01-24 07:00:00+00:00
306,2842.859007378109,357.3259385122328,296.856910997114,2949006.02,2958036.7308390858,2968647.75,-1022.2900000000373,433.1028228942305,2023-01-25 20:00:00+00:00,2023-01-26 23:00:00+00:00
307,1677.9894703915343,186.94061667640514,-191.58494083804544,2986160.36,2982372.8171366756,3005128.5,335.71999999973923,928.8033821764402,2023-01-27 16:00:00+00:00,2023-01-28 05:00:00+00:00
308,1200.1920241480693,97.6053453722269,1088.7552908449943,2992158.98,2990080.2335640443,3004117.75,310.18000000016764,572.9598545287736,2023-01-29 00:00:00+00:00,2023-01-30 04:00:00+00:00
309,1224.9230403006077,10.823772273784925,44.85498142254073,2995228.21,3009322.8270967496,2984986.25,-3240.9300000001676,-993.3296774188057,2023-01-31 08:00:00+00:00,2023-02-01 09:00:00+00:00
310,3415.3626773189753,377.1101852880083,256.8588760283383,2998858.02,3001168.3666884652,3032554.25,617.4799999999814,1281.056461695116,2023-02-01 20:00:00+00:00,2023-02-02 13:00:00+00:00
311,3590.720482894685,131.5636684934634,-181.54523152047477,3038282.77,3034258.4715186325,3067056.25,659.5200000000186,1338.684835974127,2023-02-03 14:00:00+00:00,2023-02-04 05:00:00+00:00
312,396.1196311614476,42.89973994254069,-159.67376468677685,3070822.99,3056304.7115796083,3077315.5,1665.070000000298,857.5832008328289,2023-02-04 14:00:00+00:00,2023-02-04 16:00:00+00:00
313,174.29124672198668,16.24374387860189,-114.05181565612293,3069553.86,3058278.5280030253,3076771.75,-568.8100000000559,754.825387631543,2023-02-04 17:00:00+00:00,2023-02-04 20:00:00+00:00
314,910.703386053443,113.64686447955319,-85.27740826734953,3026029.04,3038473.887744966,3024294.25,-1715.9599999999627,-578.7607242846861,2023-02-06 12:00:00+00:00,2023-02-07 01:00:00+00:00
315,524.5302206091583,38.136413444711025,-535.380259564874,3033877.08,3035780.6819790206,3034822.25,823.8900000001304,-39.11967261321843,2023-02-07 10:00:00+00:00,2023-02-07 15:00:00+00:00
316,1194.0047068386339,1.7489934145705774,-530.178845801056,3033217.28,3034374.987816751,3041085.5,-538.4799999999814,273.8984564593993,2023-02-07 17:00:00+00:00,2023-02-07 18:00:00+00:00
317,1321.061293011997,81.9161893353023,-233.23031705198082,3030033.68,3033646.4042046643,3042404.75,-333.75,357.4835018501617,2023-02-07 20:00:00+00:00,2023-02-08 09:00:00+00:00
318,648.6208573486656,15.473333680831274,278.4996051385606,2891701.54,2928971.239006574,2850025.0,-4921.790000000037,-3222.295469656121,2023-02-10 13:00:00+00:00,2023-02-12 22:00:00+00:00
319,384.59712546598166,37.95869783417038,-351.93361708409793,2877486.41,2875893.7156543965,2885088.5,714.6400000001304,375.2973202285357,2023-02-13 06:00:00+00:00,2023-02-13 09:00:00+00:00
320,1721.6019746204838,55.80365280091905,1022.1752854599254,2871702.03,2872632.101066943,2887597.5,753.9599999999627,610.8326095128432,2023-02-13 23:00:00+00:00,2023-02-15 06:00:00+00:00
321,2523.922233947087,326.6263935476345,4862.814753268336,2941113.25,2919161.39285055,2995793.25,4352.899999999907,3127.8309040595777,2023-02-15 11:00:00+00:00,2023-02-16 11:00:00+00:00
322,3214.684581625741,354.5442849305673,193.40065479489567,3226314.82,3199547.8316009566,3267463.75,-2682.4799999999814,2772.0783020015806,2023-02-17 18:00:00+00:00,2023-02-18 10:00:00+00:00
323,1999.6244047749788,64.91750960907939,-1051.9856699238226,3309588.81,3289801.2052601976,3341340.25,1345.4300000001676,2103.6344791757874,2023-02-19 15:00:00+00:00,2023-02-19 17:00:00+00:00
324,4343.595862652641,399.9883514449025,-36.788174381239514,3294924.32,3288573.8885011175,3337045.75,1595.5499999998137,1978.4433264848776,2023-02-20 09:00:00+00:00,2023-02-21 09:00:00+00:00
325,3547.5793621460907,188.14287891090135,-18.941624964616494,3241914.48,3265754.166718993,3246888.5,-893.4799999999814,-770.0272130197845,2023-02-22 22:00:00+00:00,2023-02-23 13:00:00+00:00
326,534.4907873608172,29.73484768574599,-1111.1206224807102,3243485.8,3248695.964347808,3228200.75,-2818.4599999999627,-836.5393611351028,2023-02-24 04:00:00+00:00,2023-02-24 16:00:00+00:00
327,920.3396495096385,12.577946256598807,-412.93554389540805,3180304.35,3199429.3167417003,3156317.0,-2451.2299999999814,-1759.6863976204768,2023-02-25 08:00:00+00:00,2023-02-25 10:00:00+00:00
328,416.4817599779926,18.121220724180603,817.5362001228568,3166211.0,3190718.816930106,3141564.5,-3696.910000000149,-2006.298650208395,2023-02-25 12:00:00+00:00,2023-02-27 07:00:00+00:00
329,2132.0782077950425,174.71806999190358,-793.2002060530431,3198970.11,3189445.0996531215,3233079.5,2664.350000000093,1780.9959325254895,2023-02-27 14:00:00+00:00,2023-02-27 16:00:00+00:00
330,1182.090489320457,98.62652300289017,-681.6502545037583,3194460.13,3191090.3914513667,3208639.0,649.9099999996834,716.2697366788052,2023-02-28 12:00:00+00:00,2023-02-28 19:00:00+00:00
331,5347.07817219384,533.2959384091582,-915.1962475084438,3187620.83,3187857.122560735,3243185.25,1759.2400000002235,2258.2909158882685,2023-03-01 04:00:00+00:00,2023-03-01 19:00:00+00:00
332,927.1986252828501,43.650059917680665,-2655.810309524277,3201935.65,3201924.8778867167,3208028.75,745.5600000000559,249.1376372766681,2023-03-02 20:00:00+00:00,2023-03-03 01:00:00+00:00
333,978.0652239061892,91.88524970532308,-24.613034039306513,3087748.76,3120805.780899747,3038346.0,-6570.5800000000745,-3365.7053428469226,2023-03-03 19:00:00+00:00,2023-03-06 02:00:00+00:00
334,445.0630209194496,37.34690996196059,-7.90155457903893,3045593.83,3049178.5566253248,3047864.5,264.7299999999814,-53.63496429892257,2023-03-06 10:00:00+00:00,2023-03-06 23:00:00+00:00
335,428.3005115208216,51.80737308957464,-271.5720547441888,3048208.43,3051196.571210313,3058796.25,355.2299999999814,310.1909710075706,2023-03-07 01:00:00+00:00,2023-03-07 07:00:00+00:00
336,673.2612492372282,10.843163689752231,-278.0984551741276,3051235.74,3050581.8235877175,3057478.5,-268.25,281.49699641996995,2023-03-07 17:00:00+00:00,2023-03-07 18:00:00+00:00
337,353.82079396769404,5.760594796714486,-348.1865847265144,3047581.15,3048117.4706486957,3047797.25,-222.62000000011176,-13.070230558980256,2023-03-08 01:00:00+00:00,2023-03-08 05:00:00+00:00
338,3546.0696662855335,22.03327331224864,3831.6380775038415,2795552.55,2859825.3563245223,2728702.5,-8959.760000000242,-5351.953319368418,2023-03-10 12:00:00+00:00,2023-03-13 11:00:00+00:00
339,10080.033297997434,448.796209222819,3080.644088536719,2946117.47,2895194.7635144535,3138069.5,14422.680000000168,9913.254550429992,2023-03-13 14:00:00+00:00,2023-03-15 03:00:00+00:00
340,1697.1670151255094,136.4545181088979,3234.9688458151504,3265159.43,3226196.0980785885,3302914.5,195.10000000009313,3131.3633437315,2023-03-16 11:00:00+00:00,2023-03-17 18:00:00+00:00
341,2604.211701071821,110.37769218590984,543.6497090473495,3469330.35,3399390.903915387,3578380.75,10992.870000000112,7305.708003453445,2023-03-17 21:00:00+00:00,2023-03-18 07:00:00+00:00
342,3982.332007969264,271.48485770471234,-626.8150752073561,3590117.71,3560969.5392458537,3644871.25,170.25,3424.5596226183698,2023-03-19 15:00:00+00:00,2023-03-20 03:00:00+00:00
343,418.4581589936279,36.98034364871273,-417.8097955740013,3666196.17,3626369.9870132376,3698279.75,4955.709999999963,2935.092366806697,2023-03-20 10:00:00+00:00,2023-03-20 13:00:00+00:00
344,3041.8451750534587,104.05803708254507,301.9554573556816,3672127.34,3653013.251081691,3704775.75,-321.9399999999441,2112.755057889968,2023-03-21 10:00:00+00:00,2023-03-22 07:00:00+00:00
345,720.351450453978,28.971911888766044,-1053.1904613019651,3729293.24,3703602.1334175663,3754777.75,1673.3100000000559,2088.800676834304,2023-03-22 12:00:00+00:00,2023-03-22 18:00:00+00:00
346,2845.9098673686385,64.08384950774416,219.39363887121726,3658969.25,3662519.0538077857,3630829.75,-3937.7999999998137,-1293.440971746575,2023-03-23 09:00:00+00:00,2023-03-24 08:00:00+00:00
347,353.5331508424133,23.388536774671593,475.93108111548645,3612092.94,3630723.4418665012,3593180.75,-2006.9900000002235,-1532.35477006156,2023-03-25 11:00:00+00:00,2023-03-27 05:00:00+00:00
348,1757.9308388037607,76.707581383851,-545.2562784270121,3645185.83,3634392.929658496,3673994.25,2108.5,1616.3804221018218,2023-03-27 09:00:00+00:00,2023-03-27 13:00:00+00:00
349,1117.9285504035652,131.21611347135695,3523.2764327803234,3546015.64,3576410.4865422165,3528574.5,-5032.850000000093,-1952.4892466212623,2023-03-28 13:00:00+00:00,2023-03-30 00:00:00+00:00
350,4441.528401463758,136.95812340601697,-1042.2728370430268,3735251.62,3682382.0925405207,3847000.5,10142.540000000037,6719.118671815377,2023-03-30 02:00:00+00:00,2023-03-30 03:00:00+00:00
351,4156.67547084298,100.0763194302931,-18.908812252520875,3732841.44,3727351.6131438743,3776190.5,-977.3599999998696,1993.4239533110522,2023-03-31 13:00:00+00:00,2023-04-01 08:00:00+00:00
352,5571.212494899984,350.0940093477311,-1126.5658160182647,3737115.49,3745615.888149935,3778843.75,187.24000000022352,1356.2392591862008,2023-04-03 08:00:00+00:00,2023-04-03 16:00:00+00:00
353,1731.920563872438,161.0514065088737,-190.01229761022842,3714148.27,3723151.5761566553,3708132.5,595.2999999998137,-613.0235165986232,2023-04-04 05:00:00+00:00,2023-04-04 18:00:00+00:00
354,707.2327743177302,17.46896615521564,-307.051746381876,3708359.69,3722863.2748243306,3721832.5,29.949999999720603,-42.07244180934504,2023-04-04 20:00:00+00:00,2023-04-04 23:00:00+00:00
355,4601.696572613437,551.1245046633182,-771.9176756009692,3717952.42,3723553.8851382355,3772257.75,3830.839999999851,1987.9128515007906,2023-04-05 00:00:00+00:00,2023-04-05 13:00:00+00:00
356,1629.333560443949,154.15591752626278,-308.8389056056476,3680389.12,3699465.9439146244,3686364.75,-1511.0699999998324,-534.7426087604836,2023-04-06 14:00:00+00:00,2023-04-07 08:00:00+00:00
357,850.9350253045559,35.38455021441678,27.857226061467372,3687218.46,3691570.6717301626,3689334.5,689.6299999998882,-91.27231551660225,2023-04-07 13:00:00+00:00,2023-04-08 17:00:00+00:00
358,380.01543494174257,35.471704982757956,-360.06912199780345,3701860.3,3697446.2205089564,3705987.0,629.25,348.6032445318997,2023-04-09 02:00:00+00:00,2023-04-09 06:00:00+00:00
359,2174.1951882201247,278.5489604888505,4168.903632410533,3695868.43,3696165.9336208804,3720352.75,1293.4399999999441,987.2169950660318,2023-04-09 19:00:00+00:00,2023-04-11 11:00:00+00:00
360,1188.4978040023707,4.382294726918644,-307.14030759095476,4002437.69,3981942.6943912287,4018433.5,223.72999999998137,1489.420637092553,2023-04-13 05:00:00+00:00,2023-04-13 06:00:00+00:00
361,1463.0943053807132,157.04226370008837,-73.67258319371467,4002676.07,3985217.3433365272,4025083.0,373.4199999999255,1627.1696597337723,2023-04-13 08:00:00+00:00,2023-04-13 22:00:00+00:00
362,3745.9649642719887,492.4009708641188,-514.5504821799186,4022565.95,4006729.7300946144,4079773.5,4080.7700000000186,2981.3783634849824,2023-04-14 00:00:00+00:00,2023-04-14 15:00:00+00:00
363,475.4379860647023,31.497438093476603,-206.73127089124318,4060835.45,4056974.896828296,4062650.0,-554.9599999999627,231.63686415133998,2023-04-16 08:00:00+00:00,2023-04-16 09:00:00+00:00
364,712.460855091922,50.77922380297423,-1010.747182719766,4056157.05,4056308.5911405208,4062469.75,-119.0500000002794,251.47587181534618,2023-04-16 15:00:00+00:00,2023-04-17 00:00:00+00:00
365,505.0609618583694,16.820300415569363,1294.1061047571638,3980425.51,4004164.1134098643,3953915.25,-1636.2400000002235,-2050.9740167292766,2023-04-18 01:00:00+00:00,2023-04-19 06:00:00+00:00
366,486.7157381651923,38.41183070550687,-338.44850402960583,3908872.05,3943773.8043842874,3871948.0,-2198.94000000041,-2931.665485072881,2023-04-20 13:00:00+00:00,2023-04-20 14:00:00+00:00
367,837.7880000439472,20.674907019012608,-699.2410951101119,3833728.6,3877572.2661613706,3780597.5,-4346.159999999683,-3958.1537208724767,2023-04-21 04:00:00+00:00,2023-04-21 06:00:00+00:00
368,1447.8219197336584,37.24341715877381,-1839.1588154349229,3817680.75,3864479.9012605944,3772771.25,-5061.6699999999255,-3743.210255534388,2023-04-21 07:00:00+00:00,2023-04-21 19:00:00+00:00
369,1979.7658594348468,68.88841100521677,367.5909412871115,3715497.76,3767628.496154395,3672354.75,-4329.710000000428,-3888.7243328327313,2023-04-22 05:00:00+00:00,2023-04-23 16:00:00+00:00
370,2776.4502741065808,248.32044658958603,-683.6968272642698,3700958.9,3711028.067795377,3728987.25,-143.0800000000745,733.0278450865299,2023-04-24 00:00:00+00:00,2023-04-24 07:00:00+00:00
371,721.8456543795764,88.87101470359539,-259.5543299218043,3692312.17,3696621.8954466213,3687848.75,-319.26000000024214,-358.0875692497939,2023-04-25 00:00:00+00:00,2023-04-25 03:00:00+00:00
372,268.8936850032769,27.591200437452244,-361.1616103755514,3684157.48,3693748.4606022905,3679799.25,-1998.2999999998137,-569.3555347872898,2023-04-25 04:00:00+00:00,2023-04-25 07:00:00+00:00
373,2021.486019814387,161.41612814519067,1228.2372601628376,3673991.46,3683380.1083993567,3687185.5,1538.3500000000931,155.32210614858195,2023-04-25 17:00:00+00:00,2023-04-26 20:00:00+00:00
374,2588.7402135911398,110.70931745964481,28.631147829531983,3867483.3,3840687.014210168,3929412.0,-2447.060000000056,3621.4279914218932,2023-04-27 17:00:00+00:00,2023-04-28 03:00:00+00:00
375,1221.6852673343383,112.27626637511639,13.373656099247455,3917854.41,3883239.8625868633,3979353.75,4832.070000000298,3923.0158127811737,2023-04-28 04:00:00+00:00,2023-04-28 11:00:00+00:00
376,1575.0163462413475,192.2609232288478,-225.58445122712874,3987854.9,3979827.8878463935,4010129.5,87.39999999990687,1236.8004960655235,2023-04-30 14:00:00+00:00,2023-04-30 23:00:00+00:00
377,1385.674619346857,32.853540104471904,195.3196563685633,3881156.67,3915151.6852519377,3855221.75,-2363.560000000056,-2446.119806201197,2023-05-02 03:00:00+00:00,2023-05-03 05:00:00+00:00
378,351.5810645380989,32.90929233732783,-237.4937950630556,3885621.1,3895491.583851123,3893375.25,1690.7000000001863,-86.38097351556644,2023-05-03 07:00:00+00:00,2023-05-03 10:00:00+00:00
379,5335.279243370518,699.7804029474601,-827.1520070010592,3873178.43,3880272.764784832,3922058.75,275.8900000001304,1705.5504169454798,2023-05-03 22:00:00+00:00,2023-05-04 13:00:00+00:00
380,4442.683062072843,110.13568051095422,324.95570374243107,3895630.27,3888212.798552138,3932807.0,988.7999999998137,1820.1714876680635,2023-05-05 01:00:00+00:00,2023-05-06 04:00:00+00:00
381,1200.7127964766696,29.107761413310072,-772.653801765322,3909775.21,3916062.2885350175,3905099.0,-2202.0800000000745,-447.48116469429806,2023-05-07 06:00:00+00:00,2023-05-07 23:00:00+00:00
382,1296.3052348592319,133.73599217461742,-664.2191337954282,3766613.79,3812312.6953776362,3730615.75,-4871.299999999814,-3334.5691990870982,2023-05-09 00:00:00+00:00,2023-05-10 18:00:00+00:00
383,1959.7928330772556,12.596656385816459,879.4534485020849,3598772.01,3638930.7158431676,3567938.0,-4016.7900000000373,-2897.6618711492047,2023-05-12 13:00:00+00:00,2023-05-14 00:00:00+00:00
384,1971.7153714895248,254.99943051874743,-358.8928235051353,3645994.15,3641374.9364171275,3677190.0,1603.0400000000373,1461.8393299132586,2023-05-14 15:00:00+00:00,2023-05-14 20:00:00+00:00
385,3048.120603805408,194.1828527518128,426.3596665501318,3651830.46,3647242.2436088794,3696134.5,2560.089999999851,1995.6023016786203,2023-05-15 01:00:00+00:00,2023-05-15 19:00:00+00:00
386,1253.6813886519521,95.75642358533469,-366.4750955303098,3685685.31,3688594.7865501163,3699003.0,19.28000000026077,424.8250387706794,2023-05-17 00:00:00+00:00,2023-05-17 08:00:00+00:00
387,2322.3601788324304,90.83596993593801,635.5589038632388,3684579.35,3685278.0492780246,3702185.25,275.1099999998696,690.0898253866471,2023-05-17 16:00:00+00:00,2023-05-18 15:00:00+00:00
388,776.348947362043,17.323400083721936,-361.39487021716195,3721630.63,3722832.341795066,3724356.0,-1814.7000000001863,62.19013081351295,2023-05-19 13:00:00+00:00,2023-05-19 15:00:00+00:00
389,398.44685696670786,50.899651420851114,330.1514361912414,3711494.8,3716004.570482183,3708589.0,-51.45999999996275,-302.6763462116942,2023-05-20 03:00:00+00:00,2023-05-21 09:00:00+00:00
390,1406.6970395250246,158.90173747120753,911.2516562782621,3699891.85,3707240.9991614628,3700196.5,-1369.4199999999255,-287.53057801909745,2023-05-22 08:00:00+00:00,2023-05-23 17:00:00+00:00
391,1023.2349512744695,61.85642438635114,1483.6308638838382,3675340.25,3699948.2873365646,3658521.5,-1942.6299999998882,-1690.8892790437676,2023-05-25 04:00:00+00:00,2023-05-27 06:00:00+00:00
392,3165.5021556774154,362.58109616685215,257.75464924686094,3761790.85,3746534.75518776,3812342.75,2155.160000000149,2686.0406045815907,2023-05-28 00:00:00+00:00,2023-05-28 16:00:00+00:00
393,664.591011759825,85.21073461851847,905.4749739874896,3808501.78,3786067.0051979804,3846950.75,3809.649999999907,2485.050808245782,2023-05-28 17:00:00+00:00,2023-05-29 08:00:00+00:00
394,831.5420116949826,28.542767692040798,-396.8680939758924,3896313.55,3881768.593637954,3915215.5,351.179999999702,1365.179851511959,2023-05-30 11:00:00+00:00,2023-05-30 13:00:00+00:00
395,1707.221802203916,107.77488410938531,-717.8294414188204,3804697.73,3827383.4458051976,3781457.0,-3726.3300000000745,-1874.5488083753735,2023-05-31 22:00:00+00:00,2023-06-01 03:00:00+00:00
396,416.3298963718116,12.618802023636817,768.5281107535629,3772301.96,3806646.4270267,3744212.5,-1118.0400000000373,-2548.3235521102324,2023-06-01 06:00:00+00:00,2023-06-03 08:00:00+00:00
397,1168.4133702958934,36.60769703303254,-196.33307500733645,3796910.44,3792006.8285351894,3809183.75,344.21999999973923,701.0988352983259,2023-06-04 09:00:00+00:00,2023-06-04 23:00:00+00:00
398,2059.612860249821,136.79673338346765,1439.8363339109856,3649629.54,3691102.8289221474,3592232.75,-6504.229999999981,-4035.5134253939614,2023-06-06 06:00:00+00:00,2023-06-07 09:00:00+00:00
399,1551.0034352317452,153.449469414566,-512.8082243781173,3693661.71,3700079.485957407,3709699.0,812.2599999997765,392.6332262279466,2023-06-08 15:00:00+00:00,2023-06-08 17:00:00+00:00
400,894.7892583333887,77.20019353987709,-332.41348571401613,3690690.11,3697938.507848233,3699082.75,-570.3400000003166,46.703761296812445,2023-06-08 20:00:00+00:00,2023-06-08 23:00:00+00:00
401,722.8395133716986,8.815048720246523,-188.04253483865614,3690887.21,3695872.8774119336,3694028.25,-37.56999999983236,-75.29091477254406,2023-06-09 01:00:00+00:00,2023-06-09 02:00:00+00:00
402,332.69280236493796,44.213522008011296,-52.69084239928634,3690240.96,3695231.945661689,3689757.75,-62.02000000001863,-223.43655761983246,2023-06-09 03:00:00+00:00,2023-06-09 17:00:00+00:00
403,1344.757394431159,122.1372526014602,92.05038495851477,3617925.2,3640626.969581281,3587111.5,-3982.4699999997392,-2184.3048808686435,2023-06-10 19:00:00+00:00,2023-06-12 05:00:00+00:00
404,933.7696807878092,43.55165895407336,-339.2103159910912,3607275.1,3613337.4008633625,3617972.75,1166.3100000000559,189.1979239443317,2023-06-12 09:00:00+00:00,2023-06-12 14:00:00+00:00
405,790.952352930326,102.6626004500468,-306.3751690140998,3609945.63,3612255.9564658636,3619515.0,-903.9300000001676,296.2874911893159,2023-06-12 21:00:00+00:00,2023-06-13 15:00:00+00:00
406,793.9981701062061,87.58250427342546,-405.3657974341113,3634355.07,3625992.1874909704,3644860.75,888.9699999997392,770.1454085316509,2023-06-14 02:00:00+00:00,2023-06-14 05:00:00+00:00
407,303.70010757399723,38.1518761270454,3906.15993702758,3538536.74,3566311.1351960897,3503836.75,-4841.8499999996275,-2549.97490596259,2023-06-15 15:00:00+00:00,2023-06-17 11:00:00+00:00
408,779.7976689203642,48.89393117412922,-258.82131352547003,3753387.15,3743051.574203204,3759572.75,-173.18999999994412,674.3337059919722,2023-06-19 13:00:00+00:00,2023-06-19 14:00:00+00:00
409,73.2824799134396,3.645353358430782,450.578296750391,3752454.15,3743507.8209003815,3751346.25,-489.9399999999441,319.93588161701337,2023-06-19 15:00:00+00:00,2023-06-20 08:00:00+00:00
410,4592.132442866452,430.3624668424436,5980.503988803117,3802826.37,3782699.980134448,3869910.75,4742.5800000000745,3559.6232598181814,2023-06-20 16:00:00+00:00,2023-06-22 01:00:00+00:00
411,12941.334868540987,1300.0095929121344,-1648.974133171425,4308059.16,4254777.769251194,4494972.5,9931.080000000075,9803.866561176255,2023-06-23 15:00:00+00:00,2023-06-24 00:00:00+00:00
412,1953.3885835576802,142.00053432922505,-543.0768994877872,4403611.86,4374737.162031506,4437205.0,847.480000000447,2549.707672183402,2023-06-25 05:00:00+00:00,2023-06-25 10:00:00+00:00
413,3989.568327639252,255.90636583832566,-1014.015612401854,4363521.44,4368634.886740812,4389271.0,-770.3799999998882,842.2903371099383,2023-06-26 13:00:00+00:00,2023-06-26 17:00:00+00:00
414,1013.2655617315322,30.2615928294872,-296.4231948338347,4351418.58,4362967.348713639,4348888.0,-1152.4799999995157,-574.6672944342718,2023-06-26 19:00:00+00:00,2023-06-26 20:00:00+00:00
415,978.078965799883,93.90425829112428,583.9044983638378,4345923.64,4358794.295316687,4343650.5,-1373.980000000447,-618.1140945581719,2023-06-26 23:00:00+00:00,2023-06-28 01:00:00+00:00
416,1824.2239611204714,47.93306082409981,494.54131494521425,4360668.28,4367832.992987404,4369300.0,-677.0999999996275,59.87783724907786,2023-06-29 04:00:00+00:00,2023-06-29 23:00:00+00:00
417,1875.5772205367684,25.115525916116894,-1706.01093730086,4403224.92,4393373.552997069,4440054.0,3506.0800000000745,1905.3243674663827,2023-06-30 02:00:00+00:00,2023-06-30 13:00:00+00:00
418,565.6428019376472,59.91921561527033,78.08756432308292,4395226.68,4399604.7631323375,4396781.0,-2268.0600000005215,-115.25563805457205,2023-07-01 10:00:00+00:00,2023-07-02 04:00:00+00:00
419,829.9275720864534,64.11820509367624,65.69132535058452,4408346.66,4406510.513369019,4417299.0,-75.71999999973923,440.34639310184866,2023-07-02 20:00:00+00:00,2023-07-03 13:00:00+00:00
420,3772.1243238234892,469.33903531634405,-81.95983133376285,4428725.76,4422882.846903537,4487367.5,2843.4599999999627,2632.0266569983214,2023-07-03 15:00:00+00:00,2023-07-04 05:00:00+00:00
421,1070.8047854071483,140.937780595581,-852.5502499655777,4421335.48,4432819.987287598,4408972.0,-1706.3999999994412,-973.387236229144,2023-07-05 23:00:00+00:00,2023-07-06 14:00:00+00:00
422,1959.3160649258643,226.7178360014732,-560.654438672791,4339652.58,4370047.405820015,4331234.5,-3365.019999999553,-1584.200237551704,2023-07-07 13:00:00+00:00,2023-07-09 20:00:00+00:00
423,734.8712869910523,42.19188912912773,-358.47689991917287,4301986.46,4306461.098070108,4306155.5,-30.440000000409782,-12.473390616476536,2023-07-10 03:00:00+00:00,2023-07-10 06:00:00+00:00
424,347.98596284072846,11.525421232098779,-263.16837871148164,4298790.48,4303064.013079802,4297863.5,-250.87999999988824,-212.26583999209106,2023-07-10 11:00:00+00:00,2023-07-10 13:00:00+00:00
425,1998.4979312550277,153.40011164445013,-434.27973956126516,4294805.14,4300676.481844713,4314730.0,409.54000000003725,573.6129859304056,2023-07-10 18:00:00+00:00,2023-07-11 02:00:00+00:00
426,1272.8271726351231,99.16384417367908,-525.823283749065,4295348.48,4295994.660400597,4300988.0,505.72000000067055,203.809779567644,2023-07-11 16:00:00+00:00,2023-07-12 00:00:00+00:00
427,1387.48571623303,92.79113088496706,-508.389286716425,4282731.68,4289220.714834786,4293059.0,-554.7600000007078,156.6647006208077,2023-07-12 07:00:00+00:00,2023-07-12 13:00:00+00:00
428,1248.8892991198227,163.22431518333178,1436.4380310488632,4226423.18,4244888.261573292,4208642.5,-3376.660000000149,-1479.4188397256657,2023-07-13 08:00:00+00:00,2023-07-14 10:00:00+00:00
429,1280.2864495404065,75.68903284237604,-428.1851836201822,4231068.83,4246151.695687653,4211588.0,-4555.540000000037,-1410.7630892917514,2023-07-15 12:00:00+00:00,2023-07-17 00:00:00+00:00
430,529.1433872170746,38.63352342220378,-229.9481904025306,4201632.5,4211222.636574587,4203564.0,222.67999999970198,-312.59741120785475,2023-07-17 03:00:00+00:00,2023-07-17 08:00:00+00:00
431,2355.4596807654016,96.45351128668608,-594.9037405594208,4198561.47,4204461.106733204,4214795.5,476.20000000018626,421.81197007372975,2023-07-17 13:00:00+00:00,2023-07-17 17:00:00+00:00
432,1247.3968640337698,82.90630620106731,-384.6368622973969,4185204.38,4194355.5913724955,4187628.0,-202.97999999998137,-274.5955662243068,2023-07-18 00:00:00+00:00,2023-07-18 05:00:00+00:00
433,1380.8386635971256,47.015533749003225,-359.81559270442085,4155339.5,4170639.38864353,4152167.5,-880.2999999998137,-753.9546385114081,2023-07-18 18:00:00+00:00,2023-07-18 19:00:00+00:00
434,387.9724471126683,36.06614572615581,497.37823590965854,4154158.57,4166442.79463798,4137018.0,-602.910000000149,-1201.0120260398835,2023-07-18 21:00:00+00:00,2023-07-19 21:00:00+00:00
435,1380.5709166731685,73.89661380273901,-295.65478469950176,4185076.54,4179090.950171725,4202507.5,253.68000000016764,955.7775440113619,2023-07-20 06:00:00+00:00,2023-07-20 15:00:00+00:00
436,1934.5376059818082,212.51258283300047,328.0041205136513,4192407.64,4185617.936890291,4207973.0,218.62000000011176,912.45155549841,2023-07-21 07:00:00+00:00,2023-07-22 04:00:00+00:00
437,544.5085866292939,13.623193769015188,-92.04343814215827,4235231.04,4227694.470218427,4242559.0,288.71999999973923,606.7155012888834,2023-07-23 06:00:00+00:00,2023-07-23 14:00:00+00:00
438,500.9515989208594,57.437048659454376,-279.9564090870772,4235921.6,4232181.209131277,4247624.0,280.4799999995157,630.3179946420714,2023-07-23 16:00:00+00:00,2023-07-24 01:00:00+00:00
439,971.5601313835941,63.51349036958709,-375.5428660847756,4155644.96,4179819.090265196,4119046.75,-5760.149999999907,-2480.5036842934787,2023-07-25 00:00:00+00:00,2023-07-26 09:00:00+00:00
440,1257.049725160934,25.461754856208245,-566.515846940747,4114987.31,4128790.457929357,4114845.0,158.9199999999255,-569.2023644638248,2023-07-26 13:00:00+00:00,2023-07-27 17:00:00+00:00
441,409.7995194643736,25.926980553025714,807.6184203911689,4085129.23,4096367.191311633,4067095.25,-2687.3199999998324,-1194.773114760872,2023-07-28 11:00:00+00:00,2023-07-29 09:00:00+00:00
442,627.6593005880713,63.434830997238805,-528.6194769684371,4139451.83,4133648.4352074247,4149487.75,512.1299999998882,646.5026445947587,2023-07-30 17:00:00+00:00,2023-07-30 19:00:00+00:00
443,2823.8257952113636,134.99622543034786,-168.89867697426234,4136049.7,4133150.3830347704,4166876.75,1014.3100000000559,1376.5864067440853,2023-07-31 01:00:00+00:00,2023-07-31 15:00:00+00:00
444,1015.0104093393311,88.65968698942834,667.0756494568122,4141010.06,4143229.5137976576,4143584.0,-571.6099999998696,14.468824584968388,2023-08-01 16:00:00+00:00,2023-08-02 09:00:00+00:00
445,754.9321621316485,93.46490262302177,-298.541967911995,4171192.27,4175219.653154036,4172372.5,18.41000000014901,-116.21033281786367,2023-08-03 18:00:00+00:00,2023-08-04 02:00:00+00:00
446,393.412539947778,50.213073324704965,-292.39421424648026,4162848.69,4169982.299448811,4162803.25,-547.4700000002049,-293.02242648229003,2023-08-04 07:00:00+00:00,2023-08-04 13:00:00+00:00
447,678.0195221095346,66.87411819206136,-9.142797128733946,4129688.18,4141824.726106085,4117623.5,-1807.1899999999441,-987.8051471873187,2023-08-05 08:00:00+00:00,2023-08-07 13:00:00+00:00
448,1545.752287087962,137.5851689079234,1322.5274663467935,4126404.68,4125161.793911925,4146406.0,1165.410000000149,867.1104525742121,2023-08-07 19:00:00+00:00,2023-08-09 03:00:00+00:00
449,449.35175014287233,28.691624708965946,-155.57108578982297,4248145.66,4242318.112465266,4257662.5,722.2199999997392,626.3015320301056,2023-08-10 19:00:00+00:00,2023-08-11 03:00:00+00:00
450,941.8102494319901,97.1539207123576,-275.1951727117921,4254608.04,4249017.49042472,4265865.5,-343.54000000003725,687.673860215582,2023-08-11 14:00:00+00:00,2023-08-11 17:00:00+00:00
451,415.36334286723286,15.36196389804752,-90.62030593636882,4254811.42,4250000.426817475,4259343.5,67.24000000022352,381.34992581699044,2023-08-11 20:00:00+00:00,2023-08-12 08:00:00+00:00
452,229.46765982359648,25.896049773214827,-65.93758862274262,4257184.44,4253953.872415647,4262361.5,773.3800000008196,343.1684728311375,2023-08-12 10:00:00+00:00,2023-08-12 20:00:00+00:00
453,112.83896131347865,2.7848856054947646,-114.49330877074681,4261112.44,4257980.681283789,4265252.0,24.34000000078231,296.7885190285742,2023-08-13 01:00:00+00:00,2023-08-13 03:00:00+00:00
454,920.4543395284563,72.48024658486474,76.74469969998609,4253575.02,4254842.302753374,4260165.0,98.35999999940395,217.2529488420114,2023-08-14 05:00:00+00:00,2023-08-15 02:00:00+00:00
455,666.3128327894956,24.187269421734527,-209.39661478151538,4250767.08,4255773.076035204,4248657.0,-804.679999999702,-290.45208306983113,2023-08-16 12:00:00+00:00,2023-08-16 13:00:00+00:00
456,415.0530440462753,32.14059407913919,-300.5068596085184,4248511.1,4254602.302406969,4244683.5,-815.0600000005215,-404.84907783567905,2023-08-16 14:00:00+00:00,2023-08-16 22:00:00+00:00
457,2248.596408907324,296.76428389627836,-681.7402793522051,3939718.98,4025881.241130821,3833482.5,-12923.470000000205,-7853.009842074476,2023-08-18 12:00:00+00:00,2023-08-21 04:00:00+00:00
458,1681.7740737209097,191.85465484631277,-269.0531187021552,3796721.47,3807095.004949967,3813391.25,240.36000000033528,256.98959387885407,2023-08-21 13:00:00+00:00,2023-08-22 04:00:00+00:00
459,1318.7201673509553,173.22316996204154,-526.4740052501729,3787964.73,3794324.907413525,3792960.25,-505.5800000000745,-55.70030259247869,2023-08-23 02:00:00+00:00,2023-08-23 12:00:00+00:00
460,3639.24067142047,390.1886446430467,-251.59324353203556,3780259.32,3789506.1719202492,3820594.5,1623.0400000000373,1268.9113501934335,2023-08-23 16:00:00+00:00,2023-08-24 14:00:00+00:00
461,1295.5344645818695,82.94454730916823,-103.11718039317202,3804703.54,3807287.6361729065,3814004.5,777.7800000002608,274.1577072283253,2023-08-25 20:00:00+00:00,2023-08-26 17:00:00+00:00
462,203.65749881556258,15.723033785388864,-40.37961681379966,3810397.91,3810149.734426694,3812395.0,-185.3699999996461,91.6434927880764,2023-08-27 07:00:00+00:00,2023-08-28 00:00:00+00:00
463,1197.8545169830322,118.21180250354882,-266.84585668501677,3813784.04,3811893.1412734864,3822618.75,252.99000000022352,437.7799480208196,2023-08-28 13:00:00+00:00,2023-08-28 21:00:00+00:00
464,667.626452722121,62.1730463916432,-169.76004324760288,3812833.9,3814174.4230501386,3823936.75,78.6699999999255,398.46232448425144,2023-08-28 23:00:00+00:00,2023-08-29 05:00:00+00:00
465,1469.8585704518482,104.57052287014734,2336.6382080991534,3817457.89,3814497.055019265,3831504.25,945.070000000298,694.1712237037718,2023-08-29 12:00:00+00:00,2023-08-30 05:00:00+00:00
466,1756.21688438626,139.5868702839798,85.1307822336239,3832227.9,3868912.4502718896,3779751.0,-7531.410000000149,-3639.242868240457,2023-09-01 10:00:00+00:00,2023-09-04 10:00:00+00:00
467,1201.792612046469,67.27480026881585,0.51773277160828,3780928.19,3784450.7175832186,3788002.75,-645.8500000000931,144.98091497039422,2023-09-05 09:00:00+00:00,2023-09-06 07:00:00+00:00
468,468.150687485002,28.68468517347267,-126.90565734661504,3795514.26,3792555.349657103,3798483.5,-4.710000000428408,241.9653201182373,2023-09-06 22:00:00+00:00,2023-09-07 09:00:00+00:00
469,2244.628717916552,124.63178408779993,-238.05113813064236,3797345.64,3794617.6989392084,3819750.75,1672.820000000298,1025.8388188076206,2023-09-07 17:00:00+00:00,2023-09-08 10:00:00+00:00
470,431.63495764974505,21.960211430105346,-143.21195898925362,3822870.07,3822604.950445073,3827640.0,451.54000000003725,205.51222673198208,2023-09-09 16:00:00+00:00,2023-09-10 02:00:00+00:00
471,8459.784776894376,1077.1423377524661,399.43501320044743,3725685.89,3751878.9867142253,3785031.75,470.6100000003353,1353.174011664465,2023-09-12 03:00:00+00:00,2023-09-13 00:00:00+00:00
472,1809.3895772555843,161.326597438534,-236.22223040288372,3831180.78,3805743.4782261616,3864068.5,876.089999999851,2380.6131336260587,2023-09-13 11:00:00+00:00,2023-09-13 18:00:00+00:00
473,1654.5663218749687,125.00906631417456,-576.0399259830447,3847088.15,3829926.9333496015,3893632.25,3723.239999999758,2600.2170061389916,2023-09-14 00:00:00+00:00,2023-09-14 01:00:00+00:00
474,1399.6872311397456,153.87486543864725,99.85649184823706,3868170.3,3846671.669014875,3901641.5,1502.9199999999255,2243.6665708213113,2023-09-14 12:00:00+00:00,2023-09-14 23:00:00+00:00
475,1356.6982242814265,80.14389389888947,-325.603726451518,3915185.67,3899051.2031303355,3934226.0,316.6999999997206,1435.7059946800582,2023-09-15 23:00:00+00:00,2023-09-16 06:00:00+00:00
476,612.5556116034277,40.826575555003046,-153.41550365900912,3923362.31,3917975.1909985994,3932070.5,360.7299999999814,575.318734751083,2023-09-17 10:00:00+00:00,2023-09-17 14:00:00+00:00
477,1978.39160218928,48.20965688098181,234.58251142504014,3921431.2,3918809.1872190526,3940566.0,905.8500000000931,888.0331747327,2023-09-18 02:00:00+00:00,2023-09-18 19:00:00+00:00
478,4689.971909696236,422.30175407568095,-270.7159291314674,3981362.89,3958170.182350928,4033852.75,3544.189999999944,3089.084393839352,2023-09-19 09:00:00+00:00,2023-09-20 00:00:00+00:00
479,1023.1800849274732,53.20554798423291,-360.83131797556416,4003365.57,3987782.368555988,4040785.0,4034.899999999907,2163.372712000739,2023-09-20 01:00:00+00:00,2023-09-20 02:00:00+00:00
480,1243.8573060343042,130.82484863801437,-1.193225577218982,3952121.6,3966014.379419577,3933947.0,-3037.2900000000373,-1308.8726293705404,2023-09-22 02:00:00+00:00,2023-09-24 06:00:00+00:00
481,219.8526491750963,29.26729899953159,-258.92494688477746,3941526.3,3944347.7475296822,3942703.75,84.02000000001863,-67.10193998692557,2023-09-24 09:00:00+00:00,2023-09-24 19:00:00+00:00
482,1262.7323179477826,31.113229702326862,69.36538833789382,3903006.33,3914232.2150516734,3890503.25,-2143.600000000093,-968.5291857826523,2023-09-25 14:00:00+00:00,2023-09-26 12:00:00+00:00
483,675.050868446473,17.274585618841684,158.64223603947175,3907804.74,3909243.3221056648,3909324.0,-179.75999999977648,3.2929752790369093,2023-09-27 00:00:00+00:00,2023-09-27 18:00:00+00:00
484,1050.1185788377188,19.29142197064084,-146.46579052312882,3928772.26,3922950.264595195,3949222.75,1716.8999999999069,1072.3463430535048,2023-09-28 00:00:00+00:00,2023-09-28 09:00:00+00:00
485,863.6171597391367,85.11959246576589,811.0982039102237,3942340.91,3930744.212857731,3959005.5,1129.9799999999814,1153.5219241743907,2023-09-28 10:00:00+00:00,2023-09-29 04:00:00+00:00
486,514.5548779838718,64.25373402347941,-145.4015628967827,4023039.17,4013916.2597941877,4037012.25,789.5600000000559,942.6934777884744,2023-09-30 16:00:00+00:00,2023-09-30 23:00:00+00:00
487,84.04332476621494,5.901946421565299,74.26930068874935,4031795.99,4022702.2543400307,4040391.25,798.0800000000745,721.999822855927,2023-10-01 04:00:00+00:00,2023-10-01 16:00:00+00:00
488,9270.668877991382,1103.8107835885367,69.89910127014446,4055105.27,4044356.144927526,4180349.5,5880.040000000037,5550.749186631292,2023-10-01 22:00:00+00:00,2023-10-02 16:00:00+00:00
489,1528.6617534994148,100.42821861817356,-362.83162286919105,4103935.19,4112548.576718188,4094321.5,-1596.970000000205,-743.962315027602,2023-10-04 03:00:00+00:00,2023-10-05 16:00:00+00:00
490,761.9866246739402,51.1637540813872,785.6499880221672,4101264.14,4102330.002192543,4096085.5,-567.7700000000186,-254.87764051184058,2023-10-06 06:00:00+00:00,2023-10-07 06:00:00+00:00
491,298.83494724845514,31.491563329532255,-182.7831662170429,4164338.81,4162120.7108458495,4168887.75,-875.5600000000559,276.2056797607802,2023-10-09 04:00:00+00:00,2023-10-09 05:00:00+00:00
492,1117.9779156548902,106.6927467400019,-304.8725292939562,4116328.8,4128461.189368008,4100189.75,-2107.75,-1153.9363007349893,2023-10-10 01:00:00+00:00,2023-10-10 14:00:00+00:00
493,831.6726794457063,43.434008753427406,-629.8982253442664,4092310.49,4104013.5949946647,4081121.75,-441.76999999955297,-934.3610201906413,2023-10-11 00:00:00+00:00,2023-10-11 02:00:00+00:00
494,1036.4068495966494,65.74110750485306,-700.0593022555986,4061585.71,4081607.2020095205,4048231.5,-2640.7999999998137,-1362.2735514091328,2023-10-11 11:00:00+00:00,2023-10-11 15:00:00+00:00
495,656.7580453166738,14.48293584683779,63.61507685085235,4018130.42,4045868.169968581,3991791.5,-3573.2099999999627,-2207.211019125767,2023-10-12 01:00:00+00:00,2023-10-13 17:00:00+00:00
496,2088.227016558405,138.46663239683159,-192.2035969002318,4009906.71,4013967.530138227,4031704.5,1192.339999999851,723.9579535415396,2023-10-13 20:00:00+00:00,2023-10-14 09:00:00+00:00
497,477.84300952171907,28.074908189068083,-164.84769035946374,4018529.83,4018451.3271724056,4029095.5,1014.1400000001304,434.45603377977386,2023-10-14 15:00:00+00:00,2023-10-14 18:00:00+00:00
498,307.20076814992353,2.4495641233542074,-137.31803343360662,4020278.27,4019115.9581140005,4024527.0,263.18000000016764,220.85885248985142,2023-10-15 08:00:00+00:00,2023-10-15 11:00:00+00:00
499,509.2462713085115,40.95010792928963,2347.6775885452444,4020092.82,4019663.7270137006,4027389.75,-68.22999999998137,315.347876991611,2023-10-15 16:00:00+00:00,2023-10-17 03:00:00+00:00
500,1417.6430419338867,86.0715605349776,1875.4382380272436,4242476.94,4236904.350864292,4258073.0,-788.3199999993667,864.0264953356236,2023-10-19 09:00:00+00:00,2023-10-20 18:00:00+00:00
501,2740.2268489496782,160.33042036460392,-466.17063083165704,4451087.68,4412564.63958495,4518809.0,3951.4399999994785,4336.5045067360625,2023-10-21 17:00:00+00:00,2023-10-21 23:00:00+00:00
502,3954.6809694012627,503.73029801490793,6077.8311934531885,4487311.8,4468663.270135012,4543822.0,2001.0400000000373,3067.703259795904,2023-10-23 01:00:00+00:00,2023-10-24 16:00:00+00:00
